-- --------------------------------------------------------
-- Host:                         127.0.0.1
-- Versión del servidor:         10.1.34-MariaDB - mariadb.org binary distribution
-- SO del servidor:              Win32
-- HeidiSQL Versión:             10.1.0.5464
-- --------------------------------------------------------

/*!40101 SET @OLD_CHARACTER_SET_CLIENT=@@CHARACTER_SET_CLIENT */;
/*!40101 SET NAMES utf8 */;
/*!50503 SET NAMES utf8mb4 */;
/*!40014 SET @OLD_FOREIGN_KEY_CHECKS=@@FOREIGN_KEY_CHECKS, FOREIGN_KEY_CHECKS=0 */;
/*!40101 SET @OLD_SQL_MODE=@@SQL_MODE, SQL_MODE='NO_AUTO_VALUE_ON_ZERO' */;


-- Volcando estructura de base de datos para bd_s3k_tombolacuy_local
CREATE DATABASE IF NOT EXISTS `bd_s3k_tombolacuy_local` /*!40100 DEFAULT CHARACTER SET latin1 */;
USE `bd_s3k_tombolacuy_local`;

-- Volcando estructura para tabla bd_s3k_tombolacuy_local.apertura_caja
CREATE TABLE IF NOT EXISTS `apertura_caja` (
  `idAperturaCaja` int(10) unsigned NOT NULL AUTO_INCREMENT,
  `idCaja` int(10) unsigned DEFAULT NULL,
  `idTurno` int(10) unsigned DEFAULT NULL,
  `usuario` varchar(50) COLLATE utf8mb4_unicode_ci DEFAULT NULL,
  `fechaOperacion` date DEFAULT NULL,
  `fechaRegistro` datetime DEFAULT NULL,
  `fechaCierre` datetime DEFAULT NULL,
  `estado` tinyint(3) DEFAULT NULL,
  PRIMARY KEY (`idAperturaCaja`),
  KEY `apertura_caja_fk1` (`idCaja`),
  KEY `apertura_caja_fk2` (`idTurno`),
  CONSTRAINT `apertura_caja_fk1` FOREIGN KEY (`idCaja`) REFERENCES `caja` (`idCaja`),
  CONSTRAINT `apertura_caja_fk2` FOREIGN KEY (`idTurno`) REFERENCES `turno` (`idTurno`)
) ENGINE=InnoDB DEFAULT CHARSET=utf8mb4 COLLATE=utf8mb4_unicode_ci;

-- Volcando datos para la tabla bd_s3k_tombolacuy_local.apertura_caja: ~0 rows (aproximadamente)
/*!40000 ALTER TABLE `apertura_caja` DISABLE KEYS */;
/*!40000 ALTER TABLE `apertura_caja` ENABLE KEYS */;

-- Volcando estructura para tabla bd_s3k_tombolacuy_local.apuesta
CREATE TABLE IF NOT EXISTS `apuesta` (
  `idApuesta` bigint(20) unsigned NOT NULL AUTO_INCREMENT,
  `idTicket` bigint(20) unsigned DEFAULT NULL,
  `idTipoApuesta` int(10) unsigned DEFAULT NULL,
  `idMoneda` int(10) unsigned DEFAULT NULL,
  `montoApostado` decimal(18,2) DEFAULT NULL,
  `montoAPagar` decimal(18,2) DEFAULT NULL,
  `ganador` int(11) DEFAULT NULL,
  `ZonaComercial` int(11) DEFAULT NULL,
  PRIMARY KEY (`idApuesta`),
  KEY `apuesta_fk1` (`idTipoApuesta`),
  KEY `apuesta_fk2` (`idTicket`),
  CONSTRAINT `apuesta_fk1` FOREIGN KEY (`idTipoApuesta`) REFERENCES `tipo_apuesta` (`idTipoApuesta`),
  CONSTRAINT `apuesta_fk2` FOREIGN KEY (`idTicket`) REFERENCES `ticket` (`idTicket`)
) ENGINE=InnoDB DEFAULT CHARSET=utf8mb4 COLLATE=utf8mb4_unicode_ci;

-- Volcando datos para la tabla bd_s3k_tombolacuy_local.apuesta: ~0 rows (aproximadamente)
/*!40000 ALTER TABLE `apuesta` DISABLE KEYS */;
/*!40000 ALTER TABLE `apuesta` ENABLE KEYS */;

-- Volcando estructura para tabla bd_s3k_tombolacuy_local.auditoria
CREATE TABLE IF NOT EXISTS `auditoria` (
  `id` int(11) NOT NULL AUTO_INCREMENT,
  `fecha_registro` datetime DEFAULT NULL,
  `usuario_id` int(11) DEFAULT NULL,
  `usuario_nombre` varchar(150) COLLATE macroman_bin DEFAULT NULL,
  `permiso` varchar(255) COLLATE macroman_bin DEFAULT NULL,
  `controller` varchar(255) COLLATE macroman_bin DEFAULT NULL,
  `method` varchar(225) COLLATE macroman_bin DEFAULT NULL,
  `descripcion` varchar(225) COLLATE macroman_bin DEFAULT NULL,
  `data` text COLLATE macroman_bin,
  PRIMARY KEY (`id`)
) ENGINE=InnoDB AUTO_INCREMENT=780 DEFAULT CHARSET=macroman COLLATE=macroman_bin;

-- Volcando datos para la tabla bd_s3k_tombolacuy_local.auditoria: ~765 rows (aproximadamente)
/*!40000 ALTER TABLE `auditoria` DISABLE KEYS */;
INSERT INTO `auditoria` (`id`, `fecha_registro`, `usuario_id`, `usuario_nombre`, `permiso`, `controller`, `method`, `descripcion`, `data`) VALUES
	(1, '2019-04-16 11:25:19', 1, NULL, 'VentanaCaja2', 'App\\Http\\Controllers\\VentaController@IndexNuevo', 'GET', NULL, '[]'),
	(2, '2019-04-16 11:50:13', 1, NULL, 'Dashboard', 'App\\Http\\Controllers\\HomeController@DashboardVista', 'GET', NULL, '[]'),
	(3, '2019-04-16 11:50:17', 1, NULL, 'VentanaCaja2', 'App\\Http\\Controllers\\VentaController@IndexNuevo', 'GET', NULL, '[]'),
	(4, '2019-04-16 11:50:27', 1, NULL, 'VentanaCaja2', 'App\\Http\\Controllers\\VentaController@IndexNuevo', 'GET', NULL, '[]'),
	(5, '2019-04-16 11:50:31', 1, NULL, 'VentanaCaja2', 'App\\Http\\Controllers\\VentaController@IndexNuevo', 'GET', NULL, '[]'),
	(6, '2019-04-16 11:51:39', 1, NULL, 'VentanaCaja2', 'App\\Http\\Controllers\\VentaController@IndexNuevo', 'GET', NULL, '[]'),
	(7, '2019-04-16 12:49:20', 1, NULL, 'Dashboard', 'App\\Http\\Controllers\\HomeController@DashboardVista', 'GET', NULL, '[]'),
	(8, '2019-04-16 12:49:25', 1, NULL, 'VentanaCaja2', 'App\\Http\\Controllers\\VentaController@IndexNuevo', 'GET', NULL, '[]'),
	(9, '2019-04-16 12:49:48', 1, NULL, 'VentanaCaja2', 'App\\Http\\Controllers\\VentaController@IndexNuevo', 'GET', NULL, '[]'),
	(10, '2019-04-16 12:52:28', 1, NULL, 'VentanaCaja2', 'App\\Http\\Controllers\\VentaController@IndexNuevo', 'GET', NULL, '[]'),
	(11, '2019-04-16 14:21:14', 1, NULL, 'Dashboard', 'App\\Http\\Controllers\\HomeController@DashboardVista', 'GET', NULL, '[]'),
	(12, '2019-04-16 14:21:18', 1, NULL, 'VentanaCaja2', 'App\\Http\\Controllers\\VentaController@IndexNuevo', 'GET', NULL, '[]'),
	(13, '2019-04-16 14:28:39', 1, NULL, 'Dashboard', 'App\\Http\\Controllers\\HomeController@DashboardVista', 'GET', NULL, '[]'),
	(14, '2019-04-16 14:28:42', 1, NULL, 'VentanaCaja2', 'App\\Http\\Controllers\\VentaController@IndexNuevo', 'GET', NULL, '[]'),
	(15, '2019-04-16 14:35:23', 1, NULL, 'VentanaCaja2', 'App\\Http\\Controllers\\VentaController@IndexNuevo', 'GET', NULL, '[]'),
	(16, '2019-04-16 14:38:37', 1, NULL, 'VentanaCaja2', 'App\\Http\\Controllers\\VentaController@IndexNuevo', 'GET', NULL, '[]'),
	(17, '2019-04-16 15:16:24', 1, NULL, 'Dashboard', 'App\\Http\\Controllers\\HomeController@DashboardVista', 'GET', NULL, '[]'),
	(18, '2019-04-16 15:16:27', 1, NULL, 'VentanaCaja2', 'App\\Http\\Controllers\\VentaController@IndexNuevo', 'GET', NULL, '[]'),
	(19, '2019-04-16 15:38:41', 1, NULL, 'Dashboard', 'App\\Http\\Controllers\\HomeController@DashboardVista', 'GET', NULL, '[]'),
	(20, '2019-04-16 15:38:46', 1, NULL, 'VentanaCaja2', 'App\\Http\\Controllers\\VentaController@IndexNuevo', 'GET', NULL, '[]'),
	(21, '2019-04-17 08:54:29', 1, NULL, 'Dashboard', 'App\\Http\\Controllers\\HomeController@DashboardVista', 'GET', NULL, '[]'),
	(22, '2019-04-17 08:54:33', 1, NULL, 'VentanaCaja2', 'App\\Http\\Controllers\\VentaController@IndexNuevo', 'GET', NULL, '[]'),
	(23, '2019-04-17 08:55:00', 1, NULL, 'VentanaCaja2', 'App\\Http\\Controllers\\VentaController@IndexNuevo', 'GET', NULL, '[]'),
	(24, '2019-04-17 08:56:46', 1, NULL, 'VentanaCaja2', 'App\\Http\\Controllers\\VentaController@IndexNuevo', 'GET', NULL, '[]'),
	(25, '2019-04-17 09:27:39', 1, NULL, 'VentanaCaja2', 'App\\Http\\Controllers\\VentaController@IndexNuevo', 'GET', NULL, '[]'),
	(26, '2019-04-17 09:27:56', 1, NULL, 'VentanaCaja2', 'App\\Http\\Controllers\\VentaController@IndexNuevo', 'GET', NULL, '[]'),
	(27, '2019-04-17 09:29:09', 1, NULL, 'VentanaCaja2', 'App\\Http\\Controllers\\VentaController@IndexNuevo', 'GET', NULL, '[]'),
	(28, '2019-04-17 09:29:50', 1, NULL, 'VentanaCaja2', 'App\\Http\\Controllers\\VentaController@IndexNuevo', 'GET', NULL, '[]'),
	(29, '2019-04-17 09:30:34', 1, NULL, 'VentanaCaja2', 'App\\Http\\Controllers\\VentaController@IndexNuevo', 'GET', NULL, '[]'),
	(30, '2019-04-17 10:21:15', 1, NULL, 'Dashboard', 'App\\Http\\Controllers\\HomeController@DashboardVista', 'GET', NULL, '[]'),
	(31, '2019-04-17 10:21:18', 1, NULL, 'VentanaCaja2', 'App\\Http\\Controllers\\VentaController@IndexNuevo', 'GET', NULL, '[]'),
	(32, '2019-04-17 10:21:37', 1, NULL, 'VentanaCaja2', 'App\\Http\\Controllers\\VentaController@IndexNuevo', 'GET', NULL, '[]'),
	(33, '2019-04-17 10:22:37', 1, NULL, 'VentanaCaja2', 'App\\Http\\Controllers\\VentaController@IndexNuevo', 'GET', NULL, '[]'),
	(34, '2019-04-17 10:26:49', 1, NULL, 'VentanaCaja2', 'App\\Http\\Controllers\\VentaController@IndexNuevo', 'GET', NULL, '[]'),
	(35, '2019-04-17 11:38:14', 1, NULL, 'Dashboard', 'App\\Http\\Controllers\\HomeController@DashboardVista', 'GET', NULL, '[]'),
	(36, '2019-04-17 11:41:31', 1, NULL, 'VentanaCaja2', 'App\\Http\\Controllers\\VentaController@IndexNuevo', 'GET', NULL, '[]'),
	(37, '2019-04-17 11:44:02', 1, NULL, 'VentanaCaja2', 'App\\Http\\Controllers\\VentaController@IndexNuevo', 'GET', NULL, '[]'),
	(38, '2019-04-17 11:46:43', 1, NULL, 'VentanaCaja2', 'App\\Http\\Controllers\\VentaController@IndexNuevo', 'GET', NULL, '[]'),
	(39, '2019-04-17 11:48:29', 1, NULL, 'VentanaCaja2', 'App\\Http\\Controllers\\VentaController@IndexNuevo', 'GET', NULL, '[]'),
	(40, '2019-04-17 11:50:15', 1, NULL, 'VentanaCaja2', 'App\\Http\\Controllers\\VentaController@IndexNuevo', 'GET', NULL, '[]'),
	(41, '2019-04-17 13:15:17', 1, NULL, 'VentanaCaja2', 'App\\Http\\Controllers\\VentaController@IndexNuevo', 'GET', NULL, '[]'),
	(42, '2019-04-17 13:16:20', 1, NULL, 'VentanaCaja2', 'App\\Http\\Controllers\\VentaController@IndexNuevo', 'GET', NULL, '[]'),
	(43, '2019-04-17 13:17:13', 1, NULL, 'VentanaCaja2', 'App\\Http\\Controllers\\VentaController@IndexNuevo', 'GET', NULL, '[]'),
	(44, '2019-04-17 13:19:28', 1, NULL, 'VentanaCaja2', 'App\\Http\\Controllers\\VentaController@IndexNuevo', 'GET', NULL, '[]'),
	(45, '2019-04-17 13:20:00', 1, NULL, 'VentanaCaja2', 'App\\Http\\Controllers\\VentaController@IndexNuevo', 'GET', NULL, '[]'),
	(46, '2019-04-17 13:20:23', 1, NULL, 'VentanaCaja2', 'App\\Http\\Controllers\\VentaController@IndexNuevo', 'GET', NULL, '[]'),
	(47, '2019-04-17 13:21:27', 1, NULL, 'VentanaCaja2', 'App\\Http\\Controllers\\VentaController@IndexNuevo', 'GET', NULL, '[]'),
	(48, '2019-04-17 13:22:41', 1, NULL, 'VentanaCaja2', 'App\\Http\\Controllers\\VentaController@IndexNuevo', 'GET', NULL, '[]'),
	(49, '2019-04-17 13:23:26', 1, NULL, 'VentanaCaja2', 'App\\Http\\Controllers\\VentaController@IndexNuevo', 'GET', NULL, '[]'),
	(50, '2019-04-17 13:24:26', 1, NULL, 'VentanaCaja2', 'App\\Http\\Controllers\\VentaController@IndexNuevo', 'GET', NULL, '[]'),
	(51, '2019-04-17 15:46:30', 1, NULL, 'Dashboard', 'App\\Http\\Controllers\\HomeController@DashboardVista', 'GET', NULL, '[]'),
	(52, '2019-04-17 15:46:32', 1, NULL, 'VentanaCaja2', 'App\\Http\\Controllers\\VentaController@IndexNuevo', 'GET', NULL, '[]'),
	(53, '2019-04-17 15:46:36', 1, NULL, 'AperturaCajaListar', 'App\\Http\\Controllers\\AperturaCajaController@AperturaCajaListarVista', 'GET', NULL, '[]'),
	(54, '2019-04-17 15:46:37', 1, NULL, 'AperturaCajaInsertar', 'App\\Http\\Controllers\\AperturaCajaController@AperturaCajaInsertarVista', 'GET', NULL, '[]'),
	(55, '2019-04-17 15:46:42', 1, NULL, 'AperturaCajaInsertarJson', 'App\\Http\\Controllers\\AperturaCajaController@AperturaCajaInsertarJson', 'POST', NULL, '{"_token":"X62AaySfeX1XNzQZYJw07kfsGv0WQGUQWzMPaFri","idCaja":"1","idTurno":"1","idUsuario":"1","usuario":"test.cajero1","fechaOperacion":"2019\\/04\\/17"}'),
	(56, '2019-04-17 15:46:45', 1, NULL, 'VentanaCaja2', 'App\\Http\\Controllers\\VentaController@IndexNuevo', 'GET', NULL, '[]'),
	(57, '2019-04-17 15:48:34', 1, NULL, 'VentanaCaja2', 'App\\Http\\Controllers\\VentaController@IndexNuevo', 'GET', NULL, '[]'),
	(58, '2019-04-17 16:36:29', 1, NULL, 'Dashboard', 'App\\Http\\Controllers\\HomeController@DashboardVista', 'GET', NULL, '[]'),
	(59, '2019-04-17 16:37:17', 1, NULL, 'Dashboard', 'App\\Http\\Controllers\\HomeController@DashboardVista', 'GET', NULL, '[]'),
	(60, '2019-04-17 16:41:05', 1, NULL, 'Dashboard', 'App\\Http\\Controllers\\HomeController@DashboardVista', 'GET', NULL, '[]'),
	(61, '2019-04-17 16:41:09', 1, NULL, 'Dashboard', 'App\\Http\\Controllers\\HomeController@DashboardVista', 'GET', NULL, '[]'),
	(62, '2019-04-17 16:41:10', 1, NULL, 'Dashboard', 'App\\Http\\Controllers\\HomeController@DashboardVista', 'GET', NULL, '[]'),
	(63, '2019-04-17 16:41:12', 1, NULL, 'Dashboard', 'App\\Http\\Controllers\\HomeController@DashboardVista', 'GET', NULL, '[]'),
	(64, '2019-04-17 16:41:13', 1, NULL, 'Dashboard', 'App\\Http\\Controllers\\HomeController@DashboardVista', 'GET', NULL, '[]'),
	(65, '2019-04-17 16:41:14', 1, NULL, 'Dashboard', 'App\\Http\\Controllers\\HomeController@DashboardVista', 'GET', NULL, '[]'),
	(66, '2019-04-17 16:41:16', 1, NULL, 'Dashboard', 'App\\Http\\Controllers\\HomeController@DashboardVista', 'GET', NULL, '[]'),
	(67, '2019-04-17 16:41:17', 1, NULL, 'Dashboard', 'App\\Http\\Controllers\\HomeController@DashboardVista', 'GET', NULL, '[]'),
	(68, '2019-04-17 16:41:18', 1, NULL, 'Dashboard', 'App\\Http\\Controllers\\HomeController@DashboardVista', 'GET', NULL, '[]'),
	(69, '2019-04-17 16:41:19', 1, NULL, 'Dashboard', 'App\\Http\\Controllers\\HomeController@DashboardVista', 'GET', NULL, '[]'),
	(70, '2019-04-17 16:41:26', 1, NULL, 'VentanaCaja2', 'App\\Http\\Controllers\\VentaController@IndexNuevo', 'GET', NULL, '[]'),
	(71, '2019-04-17 16:41:32', 1, NULL, 'VentanaCaja2', 'App\\Http\\Controllers\\VentaController@IndexNuevo', 'GET', NULL, '[]'),
	(72, '2019-04-17 16:41:33', 1, NULL, 'VentanaCaja2', 'App\\Http\\Controllers\\VentaController@IndexNuevo', 'GET', NULL, '[]'),
	(73, '2019-04-17 16:41:35', 1, NULL, 'VentanaCaja2', 'App\\Http\\Controllers\\VentaController@IndexNuevo', 'GET', NULL, '[]'),
	(74, '2019-04-17 16:41:36', 1, NULL, 'VentanaCaja2', 'App\\Http\\Controllers\\VentaController@IndexNuevo', 'GET', NULL, '[]'),
	(75, '2019-04-17 16:41:38', 1, NULL, 'VentanaCaja2', 'App\\Http\\Controllers\\VentaController@IndexNuevo', 'GET', NULL, '[]'),
	(76, '2019-04-17 16:41:39', 1, NULL, 'VentanaCaja2', 'App\\Http\\Controllers\\VentaController@IndexNuevo', 'GET', NULL, '[]'),
	(77, '2019-04-17 16:41:41', 1, NULL, 'VentanaCaja2', 'App\\Http\\Controllers\\VentaController@IndexNuevo', 'GET', NULL, '[]'),
	(78, '2019-04-17 16:41:42', 1, NULL, 'VentanaCaja2', 'App\\Http\\Controllers\\VentaController@IndexNuevo', 'GET', NULL, '[]'),
	(79, '2019-04-17 16:41:44', 1, NULL, 'VentanaCaja2', 'App\\Http\\Controllers\\VentaController@IndexNuevo', 'GET', NULL, '[]'),
	(80, '2019-04-17 16:43:55', 1, NULL, 'Dashboard', 'App\\Http\\Controllers\\HomeController@DashboardVista', 'GET', NULL, '[]'),
	(81, '2019-04-17 16:43:57', 1, NULL, 'Dashboard', 'App\\Http\\Controllers\\HomeController@DashboardVista', 'GET', NULL, '[]'),
	(82, '2019-04-17 16:44:06', 1, NULL, 'Dashboard', 'App\\Http\\Controllers\\HomeController@DashboardVista', 'GET', NULL, '[]'),
	(83, '2019-04-17 16:47:23', 1, NULL, 'Dashboard', 'App\\Http\\Controllers\\HomeController@DashboardVista', 'GET', NULL, '[]'),
	(84, '2019-04-17 16:47:25', 1, NULL, 'Dashboard', 'App\\Http\\Controllers\\HomeController@DashboardVista', 'GET', NULL, '[]'),
	(85, '2019-04-17 16:47:26', 1, NULL, 'Dashboard', 'App\\Http\\Controllers\\HomeController@DashboardVista', 'GET', NULL, '[]'),
	(86, '2019-04-17 16:47:28', 1, NULL, 'Dashboard', 'App\\Http\\Controllers\\HomeController@DashboardVista', 'GET', NULL, '[]'),
	(87, '2019-04-17 16:47:29', 1, NULL, 'Dashboard', 'App\\Http\\Controllers\\HomeController@DashboardVista', 'GET', NULL, '[]'),
	(88, '2019-04-17 16:47:31', 1, NULL, 'Dashboard', 'App\\Http\\Controllers\\HomeController@DashboardVista', 'GET', NULL, '[]'),
	(89, '2019-04-17 16:47:32', 1, NULL, 'Dashboard', 'App\\Http\\Controllers\\HomeController@DashboardVista', 'GET', NULL, '[]'),
	(90, '2019-04-17 16:47:34', 1, NULL, 'Dashboard', 'App\\Http\\Controllers\\HomeController@DashboardVista', 'GET', NULL, '[]'),
	(91, '2019-04-17 16:47:34', 1, NULL, 'PuntoVentaListar', 'App\\Http\\Controllers\\PuntoVentaController@PuntoVentaListarVista', 'GET', NULL, '[]'),
	(92, '2019-04-17 16:47:35', 1, NULL, 'Dashboard', 'App\\Http\\Controllers\\HomeController@DashboardVista', 'GET', NULL, '[]'),
	(93, '2019-04-17 16:47:37', 1, NULL, 'PuntoVentaListar', 'App\\Http\\Controllers\\PuntoVentaController@PuntoVentaListarVista', 'GET', NULL, '[]'),
	(94, '2019-04-17 16:47:39', 1, NULL, 'PuntoVentaListar', 'App\\Http\\Controllers\\PuntoVentaController@PuntoVentaListarVista', 'GET', NULL, '[]'),
	(95, '2019-04-17 16:47:41', 1, NULL, 'PuntoVentaListar', 'App\\Http\\Controllers\\PuntoVentaController@PuntoVentaListarVista', 'GET', NULL, '[]'),
	(96, '2019-04-17 16:47:42', 1, NULL, 'PuntoVentaListar', 'App\\Http\\Controllers\\PuntoVentaController@PuntoVentaListarVista', 'GET', NULL, '[]'),
	(97, '2019-04-17 16:47:44', 1, NULL, 'PuntoVentaListar', 'App\\Http\\Controllers\\PuntoVentaController@PuntoVentaListarVista', 'GET', NULL, '[]'),
	(98, '2019-04-17 16:47:44', 1, NULL, 'VentanaCaja2', 'App\\Http\\Controllers\\VentaController@IndexNuevo', 'GET', NULL, '[]'),
	(99, '2019-04-17 16:47:45', 1, NULL, 'PuntoVentaListar', 'App\\Http\\Controllers\\PuntoVentaController@PuntoVentaListarVista', 'GET', NULL, '[]'),
	(100, '2019-04-17 16:47:45', 1, NULL, 'PuntoVentaListar', 'App\\Http\\Controllers\\PuntoVentaController@PuntoVentaListarVista', 'GET', NULL, '[]'),
	(101, '2019-04-17 16:47:47', 1, NULL, 'VentanaCaja2', 'App\\Http\\Controllers\\VentaController@IndexNuevo', 'GET', NULL, '[]'),
	(102, '2019-04-17 16:47:49', 1, NULL, 'VentanaCaja2', 'App\\Http\\Controllers\\VentaController@IndexNuevo', 'GET', NULL, '[]'),
	(103, '2019-04-17 16:47:50', 1, NULL, 'VentanaCaja2', 'App\\Http\\Controllers\\VentaController@IndexNuevo', 'GET', NULL, '[]'),
	(104, '2019-04-17 16:47:52', 1, NULL, 'VentanaCaja2', 'App\\Http\\Controllers\\VentaController@IndexNuevo', 'GET', NULL, '[]'),
	(105, '2019-04-17 16:47:53', 1, NULL, 'VentanaCaja2', 'App\\Http\\Controllers\\VentaController@IndexNuevo', 'GET', NULL, '[]'),
	(106, '2019-04-17 16:47:55', 1, NULL, 'VentanaCaja2', 'App\\Http\\Controllers\\VentaController@IndexNuevo', 'GET', NULL, '[]'),
	(107, '2019-04-17 16:47:57', 1, NULL, 'VentanaCaja2', 'App\\Http\\Controllers\\VentaController@IndexNuevo', 'GET', NULL, '[]'),
	(108, '2019-04-17 16:47:58', 1, NULL, 'VentanaCaja2', 'App\\Http\\Controllers\\VentaController@IndexNuevo', 'GET', NULL, '[]'),
	(109, '2019-04-17 16:48:00', 1, NULL, 'VentanaCaja2', 'App\\Http\\Controllers\\VentaController@IndexNuevo', 'GET', NULL, '[]'),
	(110, '2019-04-17 16:49:09', 1, NULL, 'PuntoVentaListar', 'App\\Http\\Controllers\\PuntoVentaController@PuntoVentaListarVista', 'GET', NULL, '[]'),
	(111, '2019-04-17 16:49:11', 1, NULL, 'PuntoVentaListar', 'App\\Http\\Controllers\\PuntoVentaController@PuntoVentaListarVista', 'GET', NULL, '[]'),
	(112, '2019-04-17 16:49:12', 1, NULL, 'PuntoVentaListar', 'App\\Http\\Controllers\\PuntoVentaController@PuntoVentaListarVista', 'GET', NULL, '[]'),
	(113, '2019-04-17 16:49:13', 1, NULL, 'PuntoVentaListar', 'App\\Http\\Controllers\\PuntoVentaController@PuntoVentaListarVista', 'GET', NULL, '[]'),
	(114, '2019-04-17 16:49:14', 1, NULL, 'PuntoVentaListar', 'App\\Http\\Controllers\\PuntoVentaController@PuntoVentaListarVista', 'GET', NULL, '[]'),
	(115, '2019-04-17 16:49:15', 1, NULL, 'PuntoVentaListar', 'App\\Http\\Controllers\\PuntoVentaController@PuntoVentaListarVista', 'GET', NULL, '[]'),
	(116, '2019-04-17 16:49:16', 1, NULL, 'PuntoVentaListar', 'App\\Http\\Controllers\\PuntoVentaController@PuntoVentaListarVista', 'GET', NULL, '[]'),
	(117, '2019-04-17 16:49:17', 1, NULL, 'VentanaCaja2', 'App\\Http\\Controllers\\VentaController@IndexNuevo', 'GET', NULL, '[]'),
	(118, '2019-04-17 16:49:17', 1, NULL, 'PuntoVentaListar', 'App\\Http\\Controllers\\PuntoVentaController@PuntoVentaListarVista', 'GET', NULL, '[]'),
	(119, '2019-04-17 16:49:18', 1, NULL, 'PuntoVentaListar', 'App\\Http\\Controllers\\PuntoVentaController@PuntoVentaListarVista', 'GET', NULL, '[]'),
	(120, '2019-04-17 16:49:19', 1, NULL, 'VentanaCaja2', 'App\\Http\\Controllers\\VentaController@IndexNuevo', 'GET', NULL, '[]'),
	(121, '2019-04-17 16:49:21', 1, NULL, 'VentanaCaja2', 'App\\Http\\Controllers\\VentaController@IndexNuevo', 'GET', NULL, '[]'),
	(122, '2019-04-17 16:49:22', 1, NULL, 'VentanaCaja2', 'App\\Http\\Controllers\\VentaController@IndexNuevo', 'GET', NULL, '[]'),
	(123, '2019-04-17 16:49:24', 1, NULL, 'VentanaCaja2', 'App\\Http\\Controllers\\VentaController@IndexNuevo', 'GET', NULL, '[]'),
	(124, '2019-04-17 16:49:25', 1, NULL, 'VentanaCaja2', 'App\\Http\\Controllers\\VentaController@IndexNuevo', 'GET', NULL, '[]'),
	(125, '2019-04-17 16:49:26', 1, NULL, 'VentanaCaja2', 'App\\Http\\Controllers\\VentaController@IndexNuevo', 'GET', NULL, '[]'),
	(126, '2019-04-17 16:49:28', 1, NULL, 'VentanaCaja2', 'App\\Http\\Controllers\\VentaController@IndexNuevo', 'GET', NULL, '[]'),
	(127, '2019-04-17 16:49:29', 1, NULL, 'VentanaCaja2', 'App\\Http\\Controllers\\VentaController@IndexNuevo', 'GET', NULL, '[]'),
	(128, '2019-04-17 16:49:30', 1, NULL, 'VentanaCaja2', 'App\\Http\\Controllers\\VentaController@IndexNuevo', 'GET', NULL, '[]'),
	(129, '2019-04-17 16:51:09', 1, NULL, 'PuntoVentaListar', 'App\\Http\\Controllers\\PuntoVentaController@PuntoVentaListarVista', 'GET', NULL, '[]'),
	(130, '2019-04-17 16:51:11', 1, NULL, 'PuntoVentaListar', 'App\\Http\\Controllers\\PuntoVentaController@PuntoVentaListarVista', 'GET', NULL, '[]'),
	(131, '2019-04-17 16:51:12', 1, NULL, 'PuntoVentaListar', 'App\\Http\\Controllers\\PuntoVentaController@PuntoVentaListarVista', 'GET', NULL, '[]'),
	(132, '2019-04-17 16:51:13', 1, NULL, 'PuntoVentaListar', 'App\\Http\\Controllers\\PuntoVentaController@PuntoVentaListarVista', 'GET', NULL, '[]'),
	(133, '2019-04-17 16:51:14', 1, NULL, 'PuntoVentaListar', 'App\\Http\\Controllers\\PuntoVentaController@PuntoVentaListarVista', 'GET', NULL, '[]'),
	(134, '2019-04-17 16:51:16', 1, NULL, 'PuntoVentaListar', 'App\\Http\\Controllers\\PuntoVentaController@PuntoVentaListarVista', 'GET', NULL, '[]'),
	(135, '2019-04-17 16:51:17', 1, NULL, 'PuntoVentaListar', 'App\\Http\\Controllers\\PuntoVentaController@PuntoVentaListarVista', 'GET', NULL, '[]'),
	(136, '2019-04-17 16:51:18', 1, NULL, 'PuntoVentaListar', 'App\\Http\\Controllers\\PuntoVentaController@PuntoVentaListarVista', 'GET', NULL, '[]'),
	(137, '2019-04-17 16:51:18', 1, NULL, 'VentanaCaja2', 'App\\Http\\Controllers\\VentaController@IndexNuevo', 'GET', NULL, '[]'),
	(138, '2019-04-17 16:51:19', 1, NULL, 'PuntoVentaListar', 'App\\Http\\Controllers\\PuntoVentaController@PuntoVentaListarVista', 'GET', NULL, '[]'),
	(139, '2019-04-17 16:51:21', 1, NULL, 'VentanaCaja2', 'App\\Http\\Controllers\\VentaController@IndexNuevo', 'GET', NULL, '[]'),
	(140, '2019-04-17 16:51:23', 1, NULL, 'VentanaCaja2', 'App\\Http\\Controllers\\VentaController@IndexNuevo', 'GET', NULL, '[]'),
	(141, '2019-04-17 16:51:24', 1, NULL, 'VentanaCaja2', 'App\\Http\\Controllers\\VentaController@IndexNuevo', 'GET', NULL, '[]'),
	(142, '2019-04-17 16:51:25', 1, NULL, 'VentanaCaja2', 'App\\Http\\Controllers\\VentaController@IndexNuevo', 'GET', NULL, '[]'),
	(143, '2019-04-17 16:51:26', 1, NULL, 'VentanaCaja2', 'App\\Http\\Controllers\\VentaController@IndexNuevo', 'GET', NULL, '[]'),
	(144, '2019-04-17 16:51:28', 1, NULL, 'VentanaCaja2', 'App\\Http\\Controllers\\VentaController@IndexNuevo', 'GET', NULL, '[]'),
	(145, '2019-04-17 16:51:29', 1, NULL, 'VentanaCaja2', 'App\\Http\\Controllers\\VentaController@IndexNuevo', 'GET', NULL, '[]'),
	(146, '2019-04-17 16:51:30', 1, NULL, 'VentanaCaja2', 'App\\Http\\Controllers\\VentaController@IndexNuevo', 'GET', NULL, '[]'),
	(147, '2019-04-17 16:51:31', 1, NULL, 'VentanaCaja2', 'App\\Http\\Controllers\\VentaController@IndexNuevo', 'GET', NULL, '[]'),
	(148, '2019-04-17 16:59:45', 1, NULL, 'Dashboard', 'App\\Http\\Controllers\\HomeController@DashboardVista', 'GET', NULL, '[]'),
	(149, '2019-04-17 17:00:05', 1, NULL, 'Dashboard', 'App\\Http\\Controllers\\HomeController@DashboardVista', 'GET', NULL, '[]'),
	(150, '2019-04-17 17:00:10', 1, NULL, 'ReporteHistorialTicketVista', 'App\\Http\\Controllers\\ReporteController@ReporteHistorialTicketVista', 'GET', NULL, '[]'),
	(151, '2019-04-17 17:02:30', 1, NULL, 'ReporteHistorialTicketVista', 'App\\Http\\Controllers\\ReporteController@ReporteHistorialTicketVista', 'GET', NULL, '[]'),
	(152, '2019-04-17 17:12:55', 1, NULL, 'PuntoVentaListar', 'App\\Http\\Controllers\\PuntoVentaController@PuntoVentaListarVista', 'GET', NULL, '[]'),
	(153, '2019-04-17 17:17:11', 1, NULL, 'Dashboard', 'App\\Http\\Controllers\\HomeController@DashboardVista', 'GET', NULL, '[]'),
	(154, '2019-04-17 17:31:11', 1, NULL, 'AperturaCajaListar', 'App\\Http\\Controllers\\AperturaCajaController@AperturaCajaListarVista', 'GET', NULL, '[]'),
	(155, '2019-04-17 17:31:15', 1, NULL, 'AperturaCajaInsertar', 'App\\Http\\Controllers\\AperturaCajaController@AperturaCajaInsertarVista', 'GET', NULL, '[]'),
	(156, '2019-04-17 17:32:57', 1, NULL, 'Dashboard', 'App\\Http\\Controllers\\HomeController@DashboardVista', 'GET', NULL, '[]'),
	(157, '2019-04-17 17:33:15', 1, NULL, 'PuntoVentaListar', 'App\\Http\\Controllers\\PuntoVentaController@PuntoVentaListarVista', 'GET', NULL, '[]'),
	(158, '2019-04-17 17:53:29', 1, NULL, 'Dashboard', 'App\\Http\\Controllers\\HomeController@DashboardVista', 'GET', NULL, '[]'),
	(159, '2019-04-22 10:52:23', 1, NULL, 'VentanaCaja2', 'App\\Http\\Controllers\\VentaController@IndexNuevo', 'GET', NULL, '[]'),
	(160, '2019-04-22 10:54:13', 1, NULL, 'VentanaCaja2', 'App\\Http\\Controllers\\VentaController@IndexNuevo', 'GET', NULL, '[]'),
	(161, '2019-04-22 11:19:55', 1, NULL, 'VentanaCaja2', 'App\\Http\\Controllers\\VentaController@IndexNuevo', 'GET', NULL, '[]'),
	(162, '2019-04-22 12:40:15', 1, NULL, 'Dashboard', 'App\\Http\\Controllers\\HomeController@DashboardVista', 'GET', NULL, '[]'),
	(163, '2019-04-22 13:08:24', 1, NULL, 'Dashboard', 'App\\Http\\Controllers\\HomeController@DashboardVista', 'GET', NULL, '[]'),
	(164, '2019-04-22 13:12:35', 1, NULL, 'DineroDefaultListar', 'App\\Http\\Controllers\\DineroDefaultController@DineroDefaultListarVista', 'GET', NULL, '[]'),
	(165, '2019-04-22 14:22:37', 1, NULL, 'Dashboard', 'App\\Http\\Controllers\\HomeController@DashboardVista', 'GET', NULL, '[]'),
	(166, '2019-04-22 14:24:38', 1, NULL, 'DineroDefaultListar', 'App\\Http\\Controllers\\DineroDefaultController@DineroDefaultListarVista', 'GET', NULL, '[]'),
	(167, '2019-04-22 14:24:40', 1, NULL, 'DineroDefaultInsertar', 'App\\Http\\Controllers\\DineroDefaultController@DineroDefaultInsertarVista', 'GET', NULL, '[]'),
	(168, '2019-04-22 14:24:42', 1, NULL, 'DineroDefaultListar', 'App\\Http\\Controllers\\DineroDefaultController@DineroDefaultListarVista', 'GET', NULL, '[]'),
	(169, '2019-04-22 14:25:18', 1, NULL, 'DineroDefaultEditar/{idDineroDefault}', 'App\\Http\\Controllers\\DineroDefaultController@DineroDefaultEditarVista', 'GET', NULL, '[]'),
	(170, '2019-04-22 14:25:20', 1, NULL, 'DineroDefaultListar', 'App\\Http\\Controllers\\DineroDefaultController@DineroDefaultListarVista', 'GET', NULL, '[]'),
	(171, '2019-04-22 14:25:46', 1, NULL, 'EmpresaListar', 'App\\Http\\Controllers\\EmpresaController@EmpresaListarVista', 'GET', NULL, '[]'),
	(172, '2019-04-22 14:26:05', 1, NULL, 'EmpresaInsertar', 'App\\Http\\Controllers\\EmpresaController@EmpresaInsertarVista', 'GET', NULL, '[]'),
	(173, '2019-04-22 14:26:10', 1, NULL, 'EmpresaListar', 'App\\Http\\Controllers\\EmpresaController@EmpresaListarVista', 'GET', NULL, '[]'),
	(174, '2019-04-22 14:26:29', 1, NULL, 'EmpresaEditar/{idEmpresa}', 'App\\Http\\Controllers\\EmpresaController@EmpresaEditarVista', 'GET', NULL, '[]'),
	(175, '2019-04-22 14:27:05', 1, NULL, 'PuntoVentaListar', 'App\\Http\\Controllers\\PuntoVentaController@PuntoVentaListarVista', 'GET', NULL, '[]'),
	(176, '2019-04-22 14:27:25', 1, NULL, 'PuntoVentaInsertar', 'App\\Http\\Controllers\\PuntoVentaController@PuntoVentaInsertarVista', 'GET', NULL, '[]'),
	(177, '2019-04-22 14:27:32', 1, NULL, 'PuntoVentaListar', 'App\\Http\\Controllers\\PuntoVentaController@PuntoVentaListarVista', 'GET', NULL, '[]'),
	(178, '2019-04-22 14:27:58', 1, NULL, 'CajaListar', 'App\\Http\\Controllers\\CajaController@CajaListarVista', 'GET', NULL, '[]'),
	(179, '2019-04-22 14:29:26', 1, NULL, 'CajaInsertar', 'App\\Http\\Controllers\\CajaController@CajaInsertarVista', 'GET', NULL, '[]'),
	(180, '2019-04-22 14:29:28', 1, NULL, 'CajaListar', 'App\\Http\\Controllers\\CajaController@CajaListarVista', 'GET', NULL, '[]'),
	(181, '2019-04-22 14:30:15', 1, NULL, 'TurnoListar', 'App\\Http\\Controllers\\TurnoController@TurnoListarVista', 'GET', NULL, '[]'),
	(182, '2019-04-22 14:30:18', 1, NULL, 'TurnoInsertar', 'App\\Http\\Controllers\\TurnoController@TurnoInsertarVista', 'GET', NULL, '[]'),
	(183, '2019-04-22 14:30:31', 1, NULL, 'AperturaCajaListar', 'App\\Http\\Controllers\\AperturaCajaController@AperturaCajaListarVista', 'GET', NULL, '[]'),
	(184, '2019-04-22 14:37:21', 1, NULL, 'VentanaCaja2', 'App\\Http\\Controllers\\VentaController@IndexNuevo', 'GET', NULL, '[]'),
	(185, '2019-04-22 14:37:52', 1, NULL, 'AperturaCajaInsertar', 'App\\Http\\Controllers\\AperturaCajaController@AperturaCajaInsertarVista', 'GET', NULL, '[]'),
	(186, '2019-04-22 14:38:00', 1, NULL, 'AperturaCajaListar', 'App\\Http\\Controllers\\AperturaCajaController@AperturaCajaListarVista', 'GET', NULL, '[]'),
	(187, '2019-04-22 14:38:36', 1, NULL, 'ConfiguracionJackpotListar', 'App\\Http\\Controllers\\ConfiguracionJackpotController@ConfiguracionJackpotListarVista', 'GET', NULL, '[]'),
	(188, '2019-04-22 14:39:13', 1, NULL, 'Dashboard', 'App\\Http\\Controllers\\HomeController@DashboardVista', 'GET', NULL, '[]'),
	(189, '2019-04-22 14:40:39', 1, NULL, 'ConfiguracionJackpotInsertar', 'App\\Http\\Controllers\\ConfiguracionJackpotController@ConfiguracionJackpotInsertarVista', 'GET', NULL, '[]'),
	(190, '2019-04-22 14:40:49', 1, NULL, 'ConfiguracionJackpotListar', 'App\\Http\\Controllers\\ConfiguracionJackpotController@ConfiguracionJackpotListarVista', 'GET', NULL, '[]'),
	(191, '2019-04-22 14:43:29', 1, NULL, 'VentanaCaja2', 'App\\Http\\Controllers\\VentaController@IndexNuevo', 'GET', NULL, '[]'),
	(192, '2019-04-22 14:52:34', 1, NULL, 'VentanaCaja2', 'App\\Http\\Controllers\\VentaController@IndexNuevo', 'GET', NULL, '[]'),
	(193, '2019-04-22 14:54:16', 1, NULL, 'VentanaCaja2', 'App\\Http\\Controllers\\VentaController@IndexNuevo', 'GET', NULL, '[]'),
	(194, '2019-04-22 14:54:20', 1, NULL, 'ReporteApuesta', 'App\\Http\\Controllers\\ReporteController@ReporteApuestaVista', 'GET', NULL, '[]'),
	(195, '2019-04-22 14:56:20', 1, NULL, 'ReporteApuesta', 'App\\Http\\Controllers\\ReporteController@ReporteApuestaVista', 'GET', NULL, '[]'),
	(196, '2019-04-22 14:59:44', 1, NULL, 'ReporteHistorialGanadores', 'App\\Http\\Controllers\\ReporteController@ReporteHistorialGanadoresVista', 'GET', NULL, '[]'),
	(197, '2019-04-22 15:02:34', 1, NULL, 'ReporteJackPot', 'App\\Http\\Controllers\\ReporteController@ReporteJackPotVista', 'GET', NULL, '[]'),
	(198, '2019-04-22 15:02:35', 1, NULL, 'ReporteJackPot', 'App\\Http\\Controllers\\ReporteController@ReporteJackPotVista', 'GET', NULL, '[]'),
	(199, '2019-04-22 15:02:35', 1, NULL, 'ReporteJackPot', 'App\\Http\\Controllers\\ReporteController@ReporteJackPotVista', 'GET', NULL, '[]'),
	(200, '2019-04-22 15:12:14', 1, NULL, 'VentanaCaja2', 'App\\Http\\Controllers\\VentaController@IndexNuevo', 'GET', NULL, '[]'),
	(201, '2019-04-22 15:12:18', 1, NULL, 'ReporteVentaVista', 'App\\Http\\Controllers\\ReporteController@ReporteVentaVista', 'GET', NULL, '[]'),
	(202, '2019-04-22 15:16:48', 1, NULL, 'ReporteCierraVentaVista', 'App\\Http\\Controllers\\ReporteController@ReporteCierraVentaVista', 'GET', NULL, '[]'),
	(203, '2019-04-22 15:17:00', 1, NULL, 'ReporteVentaJuegoVista', 'App\\Http\\Controllers\\ReporteController@ReporteVentaJuegoVista', 'GET', NULL, '[]'),
	(204, '2019-04-22 15:21:13', 1, NULL, 'ReporteCierraVentaVista', 'App\\Http\\Controllers\\ReporteController@ReporteCierraVentaVista', 'GET', NULL, '[]'),
	(205, '2019-04-22 17:03:55', 1, NULL, 'VentanaCaja2', 'App\\Http\\Controllers\\VentaController@IndexNuevo', 'GET', NULL, '[]'),
	(206, '2019-04-22 17:04:15', 1, NULL, 'AperturaCajaListar', 'App\\Http\\Controllers\\AperturaCajaController@AperturaCajaListarVista', 'GET', NULL, '[]'),
	(207, '2019-04-22 17:04:20', 1, NULL, 'AperturaCajaInsertar', 'App\\Http\\Controllers\\AperturaCajaController@AperturaCajaInsertarVista', 'GET', NULL, '[]'),
	(208, '2019-04-22 17:04:29', 1, NULL, 'AperturaCajaInsertarJson', 'App\\Http\\Controllers\\AperturaCajaController@AperturaCajaInsertarJson', 'POST', NULL, '{"_token":"lwP67c2FXUoA5PbRq3KXr3k4gEguOY4cyr7DC0Gt","idCaja":"1","idTurno":"1","idUsuario":"1","usuario":"test.cajero1","fechaOperacion":"2019\\/04\\/22"}'),
	(209, '2019-04-22 17:04:34', 1, NULL, 'VentanaCaja2', 'App\\Http\\Controllers\\VentaController@IndexNuevo', 'GET', NULL, '[]'),
	(210, '2019-04-22 17:04:41', 1, NULL, 'VentanaCaja2', 'App\\Http\\Controllers\\VentaController@IndexNuevo', 'GET', NULL, '[]'),
	(211, '2019-04-22 17:22:59', 1, NULL, 'VentanaCaja2', 'App\\Http\\Controllers\\VentaController@IndexNuevo', 'GET', NULL, '[]'),
	(212, '2019-04-22 17:23:36', 1, NULL, 'VentanaCaja2', 'App\\Http\\Controllers\\VentaController@IndexNuevo', 'GET', NULL, '[]'),
	(213, '2019-04-22 17:23:50', 1, NULL, 'VentanaCaja2', 'App\\Http\\Controllers\\VentaController@IndexNuevo', 'GET', NULL, '[]'),
	(214, '2019-04-22 17:24:10', 1, NULL, 'VentanaCaja2', 'App\\Http\\Controllers\\VentaController@IndexNuevo', 'GET', NULL, '[]'),
	(215, '2019-04-22 17:25:29', 1, NULL, 'VentanaCaja2', 'App\\Http\\Controllers\\VentaController@IndexNuevo', 'GET', NULL, '[]'),
	(216, '2019-04-22 17:35:16', 1, NULL, 'VentanaCaja2', 'App\\Http\\Controllers\\VentaController@IndexNuevo', 'GET', NULL, '[]'),
	(217, '2019-04-22 17:39:45', 1, NULL, 'Dashboard', 'App\\Http\\Controllers\\HomeController@DashboardVista', 'GET', NULL, '[]'),
	(218, '2019-04-22 17:39:56', 1, NULL, 'Dashboard', 'App\\Http\\Controllers\\HomeController@DashboardVista', 'GET', NULL, '[]'),
	(219, '2019-04-22 17:40:05', 1, NULL, 'Dashboard', 'App\\Http\\Controllers\\HomeController@DashboardVista', 'GET', NULL, '[]'),
	(220, '2019-04-22 17:41:47', 1, NULL, 'Dashboard', 'App\\Http\\Controllers\\HomeController@DashboardVista', 'GET', NULL, '[]'),
	(221, '2019-04-22 17:42:48', 1, NULL, 'Dashboard', 'App\\Http\\Controllers\\HomeController@DashboardVista', 'GET', NULL, '[]'),
	(222, '2019-04-22 17:43:00', 1, NULL, 'Dashboard', 'App\\Http\\Controllers\\HomeController@DashboardVista', 'GET', NULL, '[]'),
	(223, '2019-04-22 17:43:17', 1, NULL, 'Dashboard', 'App\\Http\\Controllers\\HomeController@DashboardVista', 'GET', NULL, '[]'),
	(224, '2019-04-22 17:44:25', 1, NULL, 'Dashboard', 'App\\Http\\Controllers\\HomeController@DashboardVista', 'GET', NULL, '[]'),
	(225, '2019-04-22 17:47:50', 1, NULL, 'Dashboard', 'App\\Http\\Controllers\\HomeController@DashboardVista', 'GET', NULL, '[]'),
	(226, '2019-04-22 17:48:01', 1, NULL, 'Dashboard', 'App\\Http\\Controllers\\HomeController@DashboardVista', 'GET', NULL, '[]'),
	(227, '2019-04-22 17:51:10', 1, NULL, 'Dashboard', 'App\\Http\\Controllers\\HomeController@DashboardVista', 'GET', NULL, '[]'),
	(228, '2019-04-22 17:52:50', 1, NULL, 'Dashboard', 'App\\Http\\Controllers\\HomeController@DashboardVista', 'GET', NULL, '[]'),
	(229, '2019-04-23 08:35:51', 1, NULL, 'Dashboard', 'App\\Http\\Controllers\\HomeController@DashboardVista', 'GET', NULL, '[]'),
	(230, '2019-04-23 08:38:13', 1, NULL, 'ReporteCierraVentaVista', 'App\\Http\\Controllers\\ReporteController@ReporteCierraVentaVista', 'GET', NULL, '[]'),
	(231, '2019-04-23 08:44:20', 1, NULL, 'AperturaCajaListar', 'App\\Http\\Controllers\\AperturaCajaController@AperturaCajaListarVista', 'GET', NULL, '[]'),
	(232, '2019-04-23 08:44:23', 1, NULL, 'AperturaCajaInsertar', 'App\\Http\\Controllers\\AperturaCajaController@AperturaCajaInsertarVista', 'GET', NULL, '[]'),
	(233, '2019-04-23 08:44:35', 1, NULL, 'AperturaCajaInsertarJson', 'App\\Http\\Controllers\\AperturaCajaController@AperturaCajaInsertarJson', 'POST', NULL, '{"_token":"N8jBI8baf4gLiJVG6Ng6CzBCGuRMZeHWQFAfHROj","idCaja":"7","idTurno":"2","idUsuario":"1","usuario":"test.cajero1","fechaOperacion":"2019\\/04\\/23"}'),
	(234, '2019-04-23 08:44:40', 1, NULL, 'ReporteCierraVentaVista', 'App\\Http\\Controllers\\ReporteController@ReporteCierraVentaVista', 'GET', NULL, '[]'),
	(235, '2019-04-23 08:44:54', 1, NULL, 'AperturaCajaListar', 'App\\Http\\Controllers\\AperturaCajaController@AperturaCajaListarVista', 'GET', NULL, '[]'),
	(236, '2019-04-23 08:45:36', 1, NULL, 'AperturaCajaListar', 'App\\Http\\Controllers\\AperturaCajaController@AperturaCajaListarVista', 'GET', NULL, '[]'),
	(237, '2019-04-23 08:48:27', 1, NULL, 'AperturaCajaListar', 'App\\Http\\Controllers\\AperturaCajaController@AperturaCajaListarVista', 'GET', NULL, '[]'),
	(238, '2019-04-23 08:48:32', 1, NULL, 'AperturaCajaListar', 'App\\Http\\Controllers\\AperturaCajaController@AperturaCajaListarVista', 'GET', NULL, '[]'),
	(239, '2019-04-23 08:49:52', 1, NULL, 'AperturaCajaListar', 'App\\Http\\Controllers\\AperturaCajaController@AperturaCajaListarVista', 'GET', NULL, '[]'),
	(240, '2019-04-23 08:51:46', 1, NULL, 'AperturaCajaListar', 'App\\Http\\Controllers\\AperturaCajaController@AperturaCajaListarVista', 'GET', NULL, '[]'),
	(241, '2019-04-23 08:51:50', 1, NULL, 'AperturaCajaListar', 'App\\Http\\Controllers\\AperturaCajaController@AperturaCajaListarVista', 'GET', NULL, '[]'),
	(242, '2019-04-23 08:52:03', 1, NULL, 'AperturaCajaListar', 'App\\Http\\Controllers\\AperturaCajaController@AperturaCajaListarVista', 'GET', NULL, '[]'),
	(243, '2019-04-23 08:52:32', 1, NULL, 'AperturaCajaListar', 'App\\Http\\Controllers\\AperturaCajaController@AperturaCajaListarVista', 'GET', NULL, '[]'),
	(244, '2019-04-23 09:03:29', 1, NULL, 'AperturaCajaListar', 'App\\Http\\Controllers\\AperturaCajaController@AperturaCajaListarVista', 'GET', NULL, '[]'),
	(245, '2019-04-23 09:03:32', 1, NULL, 'AperturaCajaInsertar', 'App\\Http\\Controllers\\AperturaCajaController@AperturaCajaInsertarVista', 'GET', NULL, '[]'),
	(246, '2019-04-23 09:03:38', 1, NULL, 'AperturaCajaInsertarJson', 'App\\Http\\Controllers\\AperturaCajaController@AperturaCajaInsertarJson', 'POST', NULL, '{"_token":"N8jBI8baf4gLiJVG6Ng6CzBCGuRMZeHWQFAfHROj","idCaja":"4","idTurno":"1","idUsuario":"1","usuario":"test.cajero1","fechaOperacion":"2019\\/04\\/23"}'),
	(247, '2019-04-23 09:07:15', 1, NULL, 'VentanaCaja2', 'App\\Http\\Controllers\\VentaController@IndexNuevo', 'GET', NULL, '[]'),
	(248, '2019-04-23 09:15:15', 1, NULL, 'VentanaCaja2', 'App\\Http\\Controllers\\VentaController@IndexNuevo', 'GET', NULL, '[]'),
	(249, '2019-04-23 09:15:32', 1, NULL, 'VentanaCaja2', 'App\\Http\\Controllers\\VentaController@IndexNuevo', 'GET', NULL, '[]'),
	(250, '2019-04-23 09:15:42', 1, NULL, 'AperturaCajaListar', 'App\\Http\\Controllers\\AperturaCajaController@AperturaCajaListarVista', 'GET', NULL, '[]'),
	(251, '2019-04-23 09:15:45', 1, NULL, 'AperturaCajaInsertar', 'App\\Http\\Controllers\\AperturaCajaController@AperturaCajaInsertarVista', 'GET', NULL, '[]'),
	(252, '2019-04-23 09:15:54', 1, NULL, 'AperturaCajaInsertarJson', 'App\\Http\\Controllers\\AperturaCajaController@AperturaCajaInsertarJson', 'POST', NULL, '{"_token":"lwP67c2FXUoA5PbRq3KXr3k4gEguOY4cyr7DC0Gt","idCaja":"1","idTurno":"1","idUsuario":"1","usuario":"test.cajero1","fechaOperacion":"2019\\/04\\/23"}'),
	(253, '2019-04-23 09:15:59', 1, NULL, 'VentanaCaja2', 'App\\Http\\Controllers\\VentaController@IndexNuevo', 'GET', NULL, '[]'),
	(254, '2019-04-23 09:20:27', 1, NULL, 'VentanaCaja2', 'App\\Http\\Controllers\\VentaController@IndexNuevo', 'GET', NULL, '[]'),
	(255, '2019-04-23 09:34:59', 1, NULL, 'Dashboard', 'App\\Http\\Controllers\\HomeController@DashboardVista', 'GET', NULL, '[]'),
	(256, '2019-04-23 09:36:20', 1, NULL, 'Dashboard', 'App\\Http\\Controllers\\HomeController@DashboardVista', 'GET', NULL, '[]'),
	(257, '2019-04-23 09:48:32', 1, NULL, 'Dashboard', 'App\\Http\\Controllers\\HomeController@DashboardVista', 'GET', NULL, '[]'),
	(258, '2019-04-23 10:04:55', 1, NULL, 'ReporteHistorialGanadores', 'App\\Http\\Controllers\\ReporteController@ReporteHistorialGanadoresVista', 'GET', NULL, '[]'),
	(259, '2019-04-23 10:05:15', 1, NULL, 'ReporteVentaVista', 'App\\Http\\Controllers\\ReporteController@ReporteVentaVista', 'GET', NULL, '[]'),
	(260, '2019-04-23 10:05:31', 1, NULL, 'ReporteHistorialTicketVista', 'App\\Http\\Controllers\\ReporteController@ReporteHistorialTicketVista', 'GET', NULL, '[]'),
	(261, '2019-04-23 10:05:38', 1, NULL, 'ReporteVentaJuegoVista', 'App\\Http\\Controllers\\ReporteController@ReporteVentaJuegoVista', 'GET', NULL, '[]'),
	(262, '2019-04-23 10:19:05', 1, NULL, 'ReporteVentaVista', 'App\\Http\\Controllers\\ReporteController@ReporteVentaVista', 'GET', NULL, '[]'),
	(263, '2019-04-23 10:31:09', 1, NULL, 'VentanaCaja2', 'App\\Http\\Controllers\\VentaController@IndexNuevo', 'GET', NULL, '[]'),
	(264, '2019-04-23 10:31:15', 1, NULL, 'AperturaCajaListar', 'App\\Http\\Controllers\\AperturaCajaController@AperturaCajaListarVista', 'GET', NULL, '[]'),
	(265, '2019-04-23 10:31:17', 1, NULL, 'AperturaCajaInsertar', 'App\\Http\\Controllers\\AperturaCajaController@AperturaCajaInsertarVista', 'GET', NULL, '[]'),
	(266, '2019-04-23 10:31:24', 1, NULL, 'AperturaCajaInsertarJson', 'App\\Http\\Controllers\\AperturaCajaController@AperturaCajaInsertarJson', 'POST', NULL, '{"_token":"N8jBI8baf4gLiJVG6Ng6CzBCGuRMZeHWQFAfHROj","idCaja":"4","idTurno":"2","idUsuario":"1","usuario":"test.cajero1","fechaOperacion":"2019\\/04\\/23"}'),
	(267, '2019-04-23 10:31:26', 1, NULL, 'VentanaCaja2', 'App\\Http\\Controllers\\VentaController@IndexNuevo', 'GET', NULL, '[]'),
	(268, '2019-04-23 11:05:33', 1, NULL, 'Dashboard', 'App\\Http\\Controllers\\HomeController@DashboardVista', 'GET', NULL, '[]'),
	(269, '2019-04-23 11:05:41', 1, NULL, 'VentanaCaja2', 'App\\Http\\Controllers\\VentaController@IndexNuevo', 'GET', NULL, '[]'),
	(270, '2019-04-23 11:05:47', 1, NULL, 'AperturaCajaListar', 'App\\Http\\Controllers\\AperturaCajaController@AperturaCajaListarVista', 'GET', NULL, '[]'),
	(271, '2019-04-23 11:05:53', 1, NULL, 'AperturaCajaInsertar', 'App\\Http\\Controllers\\AperturaCajaController@AperturaCajaInsertarVista', 'GET', NULL, '[]'),
	(272, '2019-04-23 11:05:53', 1, NULL, 'AperturaCajaInsertar', 'App\\Http\\Controllers\\AperturaCajaController@AperturaCajaInsertarVista', 'GET', NULL, '[]'),
	(273, '2019-04-23 11:06:02', 1, NULL, 'AperturaCajaInsertarJson', 'App\\Http\\Controllers\\AperturaCajaController@AperturaCajaInsertarJson', 'POST', NULL, '{"_token":"TxgacdsLBm63hlslzStiqZ7buhziiY04OVB7pwp2","idCaja":"1","idTurno":"1","idUsuario":"1","usuario":"test.cajero1","fechaOperacion":"2019\\/04\\/23"}'),
	(274, '2019-04-23 11:06:29', 1, NULL, 'VentanaCaja2', 'App\\Http\\Controllers\\VentaController@IndexNuevo', 'GET', NULL, '[]'),
	(275, '2019-04-23 11:23:42', 1, NULL, 'Dashboard', 'App\\Http\\Controllers\\HomeController@DashboardVista', 'GET', NULL, '[]'),
	(276, '2019-04-23 11:24:04', 1, NULL, 'Dashboard', 'App\\Http\\Controllers\\HomeController@DashboardVista', 'GET', NULL, '[]'),
	(277, '2019-04-23 11:24:51', 1, NULL, 'Dashboard', 'App\\Http\\Controllers\\HomeController@DashboardVista', 'GET', NULL, '[]'),
	(278, '2019-04-23 11:54:00', 1, NULL, 'Dashboard', 'App\\Http\\Controllers\\HomeController@DashboardVista', 'GET', NULL, '[]'),
	(279, '2019-04-23 11:55:00', 1, NULL, 'Dashboard', 'App\\Http\\Controllers\\HomeController@DashboardVista', 'GET', NULL, '[]'),
	(280, '2019-04-23 11:55:19', 1, NULL, 'Dashboard', 'App\\Http\\Controllers\\HomeController@DashboardVista', 'GET', NULL, '[]'),
	(281, '2019-04-23 11:55:32', 1, NULL, 'Dashboard', 'App\\Http\\Controllers\\HomeController@DashboardVista', 'GET', NULL, '[]'),
	(282, '2019-04-23 11:55:44', 1, NULL, 'Dashboard', 'App\\Http\\Controllers\\HomeController@DashboardVista', 'GET', NULL, '[]'),
	(283, '2019-04-23 11:56:10', 1, NULL, 'Dashboard', 'App\\Http\\Controllers\\HomeController@DashboardVista', 'GET', NULL, '[]'),
	(284, '2019-04-23 11:56:18', 1, NULL, 'Dashboard', 'App\\Http\\Controllers\\HomeController@DashboardVista', 'GET', NULL, '[]'),
	(285, '2019-04-23 11:56:42', 1, NULL, 'Dashboard', 'App\\Http\\Controllers\\HomeController@DashboardVista', 'GET', NULL, '[]'),
	(286, '2019-04-23 11:57:28', 1, NULL, 'Dashboard', 'App\\Http\\Controllers\\HomeController@DashboardVista', 'GET', NULL, '[]'),
	(287, '2019-04-23 11:57:42', 1, NULL, 'Dashboard', 'App\\Http\\Controllers\\HomeController@DashboardVista', 'GET', NULL, '[]'),
	(288, '2019-04-23 12:01:21', 1, NULL, 'Dashboard', 'App\\Http\\Controllers\\HomeController@DashboardVista', 'GET', NULL, '[]'),
	(289, '2019-04-23 12:40:16', 1, NULL, 'Dashboard', 'App\\Http\\Controllers\\HomeController@DashboardVista', 'GET', NULL, '[]'),
	(290, '2019-04-23 12:41:52', 1, NULL, 'Dashboard', 'App\\Http\\Controllers\\HomeController@DashboardVista', 'GET', NULL, '[]'),
	(291, '2019-04-23 12:52:02', 1, NULL, 'Dashboard', 'App\\Http\\Controllers\\HomeController@DashboardVista', 'GET', NULL, '[]'),
	(292, '2019-04-23 13:04:37', 1, NULL, 'VentanaCaja2', 'App\\Http\\Controllers\\VentaController@IndexNuevo', 'GET', NULL, '[]'),
	(293, '2019-04-23 13:08:22', 1, NULL, 'VentanaCaja2', 'App\\Http\\Controllers\\VentaController@IndexNuevo', 'GET', NULL, '[]'),
	(294, '2019-04-23 13:08:27', 1, NULL, 'ReporteVentaJuegoVista', 'App\\Http\\Controllers\\ReporteController@ReporteVentaJuegoVista', 'GET', NULL, '[]'),
	(295, '2019-04-23 13:08:28', 1, NULL, 'CajaListar', 'App\\Http\\Controllers\\CajaController@CajaListarVista', 'GET', NULL, '[]'),
	(296, '2019-04-23 13:13:30', 1, NULL, 'ReporteVentaJuegoVista', 'App\\Http\\Controllers\\ReporteController@ReporteVentaJuegoVista', 'GET', NULL, '[]'),
	(297, '2019-04-23 13:14:24', 1, NULL, 'ReporteVentaJuegoVista', 'App\\Http\\Controllers\\ReporteController@ReporteVentaJuegoVista', 'GET', NULL, '[]'),
	(298, '2019-04-23 13:16:38', 1, NULL, 'ReporteVentaJuegoVista', 'App\\Http\\Controllers\\ReporteController@ReporteVentaJuegoVista', 'GET', NULL, '[]'),
	(299, '2019-04-23 13:17:02', 1, NULL, 'ReporteVentaJuegoVista', 'App\\Http\\Controllers\\ReporteController@ReporteVentaJuegoVista', 'GET', NULL, '[]'),
	(300, '2019-04-23 13:19:15', 1, NULL, 'VentanaCaja2', 'App\\Http\\Controllers\\VentaController@IndexNuevo', 'GET', NULL, '[]'),
	(301, '2019-04-23 13:33:03', 1, NULL, 'VentanaCaja2', 'App\\Http\\Controllers\\VentaController@IndexNuevo', 'GET', NULL, '[]'),
	(302, '2019-04-23 14:15:10', 1, NULL, 'Dashboard', 'App\\Http\\Controllers\\HomeController@DashboardVista', 'GET', NULL, '[]'),
	(303, '2019-04-23 15:08:11', 1, NULL, 'AperturaCajaListar', 'App\\Http\\Controllers\\AperturaCajaController@AperturaCajaListarVista', 'GET', NULL, '[]'),
	(304, '2019-04-23 15:08:15', 1, NULL, 'AperturaCajaInsertar', 'App\\Http\\Controllers\\AperturaCajaController@AperturaCajaInsertarVista', 'GET', NULL, '[]'),
	(305, '2019-04-23 15:08:20', 1, NULL, 'AperturaCajaInsertarJson', 'App\\Http\\Controllers\\AperturaCajaController@AperturaCajaInsertarJson', 'POST', NULL, '{"_token":"N8jBI8baf4gLiJVG6Ng6CzBCGuRMZeHWQFAfHROj","idCaja":"1","idTurno":"1","idUsuario":"1","usuario":"test.cajero1","fechaOperacion":"2019\\/04\\/23"}'),
	(306, '2019-04-23 15:08:21', 1, NULL, 'AperturaCajaListar', 'App\\Http\\Controllers\\AperturaCajaController@AperturaCajaListarVista', 'GET', NULL, '[]'),
	(307, '2019-04-23 15:08:39', 1, NULL, 'VentanaCaja2', 'App\\Http\\Controllers\\VentaController@IndexNuevo', 'GET', NULL, '[]'),
	(308, '2019-04-23 16:36:21', 1, NULL, 'VentanaCaja2', 'App\\Http\\Controllers\\VentaController@IndexNuevo', 'GET', NULL, '[]'),
	(309, '2019-04-23 16:36:25', 1, NULL, 'AperturaCajaListar', 'App\\Http\\Controllers\\AperturaCajaController@AperturaCajaListarVista', 'GET', NULL, '[]'),
	(310, '2019-04-23 16:36:27', 1, NULL, 'AperturaCajaInsertar', 'App\\Http\\Controllers\\AperturaCajaController@AperturaCajaInsertarVista', 'GET', NULL, '[]'),
	(311, '2019-04-23 16:36:32', 1, NULL, 'AperturaCajaInsertarJson', 'App\\Http\\Controllers\\AperturaCajaController@AperturaCajaInsertarJson', 'POST', NULL, '{"_token":"N8jBI8baf4gLiJVG6Ng6CzBCGuRMZeHWQFAfHROj","idCaja":"1","idTurno":"1","idUsuario":"1","usuario":"test.cajero1","fechaOperacion":"2019\\/04\\/23"}'),
	(312, '2019-04-23 16:36:34', 1, NULL, 'VentanaCaja2', 'App\\Http\\Controllers\\VentaController@IndexNuevo', 'GET', NULL, '[]'),
	(313, '2019-04-24 10:25:41', 1, NULL, 'Dashboard', 'App\\Http\\Controllers\\HomeController@DashboardVista', 'GET', NULL, '[]'),
	(314, '2019-04-24 10:29:05', 1, NULL, 'ReporteApuesta', 'App\\Http\\Controllers\\ReporteController@ReporteApuestaVista', 'GET', NULL, '[]'),
	(315, '2019-04-24 10:29:12', 1, NULL, 'ReporteVentaVista', 'App\\Http\\Controllers\\ReporteController@ReporteVentaVista', 'GET', NULL, '[]'),
	(316, '2019-04-24 10:37:02', 1, NULL, 'ReporteVentaVista', 'App\\Http\\Controllers\\ReporteController@ReporteVentaVista', 'GET', NULL, '[]'),
	(317, '2019-04-24 11:24:49', 1, NULL, 'ReporteVentaVista', 'App\\Http\\Controllers\\ReporteController@ReporteVentaVista', 'GET', NULL, '[]'),
	(318, '2019-04-24 11:27:34', 1, NULL, 'Dashboard', 'App\\Http\\Controllers\\HomeController@DashboardVista', 'GET', NULL, '[]'),
	(319, '2019-04-24 11:50:03', 1, NULL, 'Dashboard', 'App\\Http\\Controllers\\HomeController@DashboardVista', 'GET', NULL, '[]'),
	(320, '2019-04-24 11:50:28', 1, NULL, 'Dashboard', 'App\\Http\\Controllers\\HomeController@DashboardVista', 'GET', NULL, '[]'),
	(321, '2019-04-24 11:51:27', 1, NULL, 'ReporteVentaJuegoVista', 'App\\Http\\Controllers\\ReporteController@ReporteVentaJuegoVista', 'GET', NULL, '[]'),
	(322, '2019-04-24 13:43:09', 1, NULL, 'Dashboard', 'App\\Http\\Controllers\\HomeController@DashboardVista', 'GET', NULL, '[]'),
	(323, '2019-04-24 13:43:14', 1, NULL, 'ReporteVentaVista', 'App\\Http\\Controllers\\ReporteController@ReporteVentaVista', 'GET', NULL, '[]'),
	(324, '2019-04-24 13:43:44', 1, NULL, 'ReporteVentaVista', 'App\\Http\\Controllers\\ReporteController@ReporteVentaVista', 'GET', NULL, '[]'),
	(325, '2019-04-24 13:52:17', 1, NULL, 'ReporteVentaVista', 'App\\Http\\Controllers\\ReporteController@ReporteVentaVista', 'GET', NULL, '[]'),
	(326, '2019-04-24 13:54:49', 1, NULL, 'ReporteVentaVista', 'App\\Http\\Controllers\\ReporteController@ReporteVentaVista', 'GET', NULL, '[]'),
	(327, '2019-04-24 13:54:52', 1, NULL, 'ReporteVentaVista', 'App\\Http\\Controllers\\ReporteController@ReporteVentaVista', 'GET', NULL, '[]'),
	(328, '2019-04-24 13:54:58', 1, NULL, 'ReporteVentaVista', 'App\\Http\\Controllers\\ReporteController@ReporteVentaVista', 'GET', NULL, '[]'),
	(329, '2019-04-24 14:11:46', 1, NULL, 'ReporteVentaVista', 'App\\Http\\Controllers\\ReporteController@ReporteVentaVista', 'GET', NULL, '[]'),
	(330, '2019-04-24 14:17:00', 1, NULL, 'ReporteVentaVista', 'App\\Http\\Controllers\\ReporteController@ReporteVentaVista', 'GET', NULL, '[]'),
	(331, '2019-04-24 14:17:23', 1, NULL, 'ReporteVentaVista', 'App\\Http\\Controllers\\ReporteController@ReporteVentaVista', 'GET', NULL, '[]'),
	(332, '2019-04-24 14:18:44', 1, NULL, 'ReporteVentaVista', 'App\\Http\\Controllers\\ReporteController@ReporteVentaVista', 'GET', NULL, '[]'),
	(333, '2019-04-24 14:19:10', 1, NULL, 'Dashboard', 'App\\Http\\Controllers\\HomeController@DashboardVista', 'GET', NULL, '[]'),
	(334, '2019-04-24 14:23:18', 1, NULL, 'ReporteVentaVista', 'App\\Http\\Controllers\\ReporteController@ReporteVentaVista', 'GET', NULL, '[]'),
	(335, '2019-04-24 14:30:30', 1, NULL, 'ReporteVentaVista', 'App\\Http\\Controllers\\ReporteController@ReporteVentaVista', 'GET', NULL, '[]'),
	(336, '2019-04-24 14:30:42', 1, NULL, 'ReporteVentaVista', 'App\\Http\\Controllers\\ReporteController@ReporteVentaVista', 'GET', NULL, '[]'),
	(337, '2019-04-24 14:33:24', 1, NULL, 'UsuarioPuntoVenta', 'App\\Http\\Controllers\\UsuarioPuntoVentaController@UsuarioPuntoVentaListarVista', 'GET', NULL, '[]'),
	(338, '2019-04-24 14:33:27', 1, NULL, 'UsuarioPuntoVentaEditar/{idUsuarioPuntoVenta}', 'App\\Http\\Controllers\\UsuarioPuntoVentaController@UsuarioPuntoVentaEditarVista', 'GET', NULL, '[]'),
	(339, '2019-04-24 14:33:35', 1, NULL, 'UsuarioPuntoVentaEditar/{idUsuarioPuntoVenta}', 'App\\Http\\Controllers\\UsuarioPuntoVentaController@UsuarioPuntoVentaEditarVista', 'GET', NULL, '[]'),
	(340, '2019-04-24 14:36:29', 1, NULL, 'UsuarioPuntoVenta', 'App\\Http\\Controllers\\UsuarioPuntoVentaController@UsuarioPuntoVentaListarVista', 'GET', NULL, '[]'),
	(341, '2019-04-24 14:36:33', 1, NULL, 'UsuarioPuntoVentaEditar/{idUsuarioPuntoVenta}', 'App\\Http\\Controllers\\UsuarioPuntoVentaController@UsuarioPuntoVentaEditarVista', 'GET', NULL, '[]'),
	(342, '2019-04-24 14:39:42', 1, NULL, 'UsuarioPuntoVentaEditar/{idUsuarioPuntoVenta}', 'App\\Http\\Controllers\\UsuarioPuntoVentaController@UsuarioPuntoVentaEditarVista', 'GET', NULL, '[]'),
	(343, '2019-04-24 14:41:01', 1, NULL, 'UsuarioPuntoVentaEditar/{idUsuarioPuntoVenta}', 'App\\Http\\Controllers\\UsuarioPuntoVentaController@UsuarioPuntoVentaEditarVista', 'GET', NULL, '[]'),
	(344, '2019-04-24 14:41:32', 1, NULL, 'UsuarioPuntoVentaEditar/{idUsuarioPuntoVenta}', 'App\\Http\\Controllers\\UsuarioPuntoVentaController@UsuarioPuntoVentaEditarVista', 'GET', NULL, '[]'),
	(345, '2019-04-24 14:42:07', 1, NULL, 'UsuarioPuntoVenta', 'App\\Http\\Controllers\\UsuarioPuntoVentaController@UsuarioPuntoVentaListarVista', 'GET', NULL, '[]'),
	(346, '2019-04-24 14:42:32', 1, NULL, 'UsuarioPuntoVentaEditar/{idUsuarioPuntoVenta}', 'App\\Http\\Controllers\\UsuarioPuntoVentaController@UsuarioPuntoVentaEditarVista', 'GET', NULL, '[]'),
	(347, '2019-04-24 14:42:36', 1, NULL, 'UsuarioPuntoVenta', 'App\\Http\\Controllers\\UsuarioPuntoVentaController@UsuarioPuntoVentaListarVista', 'GET', NULL, '[]'),
	(348, '2019-04-24 14:44:58', 1, NULL, 'ReporteVentaVista', 'App\\Http\\Controllers\\ReporteController@ReporteVentaVista', 'GET', NULL, '[]'),
	(349, '2019-04-24 15:00:08', 1, NULL, 'ReporteVentaVista', 'App\\Http\\Controllers\\ReporteController@ReporteVentaVista', 'GET', NULL, '[]'),
	(350, '2019-04-24 15:01:56', 1, NULL, 'ReporteVentaVista', 'App\\Http\\Controllers\\ReporteController@ReporteVentaVista', 'GET', NULL, '[]'),
	(351, '2019-04-24 15:03:44', 1, NULL, 'ReporteVentaVista', 'App\\Http\\Controllers\\ReporteController@ReporteVentaVista', 'GET', NULL, '[]'),
	(352, '2019-04-24 15:07:41', 1, NULL, 'ReporteVentaVista', 'App\\Http\\Controllers\\ReporteController@ReporteVentaVista', 'GET', NULL, '[]'),
	(353, '2019-04-24 15:07:48', 1, NULL, 'ReporteVentaVista', 'App\\Http\\Controllers\\ReporteController@ReporteVentaVista', 'GET', NULL, '[]'),
	(354, '2019-04-24 15:07:48', 1, NULL, 'ReporteVentaVista', 'App\\Http\\Controllers\\ReporteController@ReporteVentaVista', 'GET', NULL, '[]'),
	(355, '2019-04-24 15:07:49', 1, NULL, 'ReporteVentaVista', 'App\\Http\\Controllers\\ReporteController@ReporteVentaVista', 'GET', NULL, '[]'),
	(356, '2019-04-24 15:07:58', 1, NULL, 'ReporteVentaVista', 'App\\Http\\Controllers\\ReporteController@ReporteVentaVista', 'GET', NULL, '[]'),
	(357, '2019-04-24 15:08:22', 1, NULL, 'ReporteVentaVista', 'App\\Http\\Controllers\\ReporteController@ReporteVentaVista', 'GET', NULL, '[]'),
	(358, '2019-04-24 15:09:45', 1, NULL, 'ReporteVentaVista', 'App\\Http\\Controllers\\ReporteController@ReporteVentaVista', 'GET', NULL, '[]'),
	(359, '2019-04-24 15:11:09', 1, NULL, 'ReporteVentaVista', 'App\\Http\\Controllers\\ReporteController@ReporteVentaVista', 'GET', NULL, '[]'),
	(360, '2019-04-24 15:11:28', 1, NULL, 'ReporteVentaVista', 'App\\Http\\Controllers\\ReporteController@ReporteVentaVista', 'GET', NULL, '[]'),
	(361, '2019-04-24 15:12:48', 1, NULL, 'ReporteVentaVista', 'App\\Http\\Controllers\\ReporteController@ReporteVentaVista', 'GET', NULL, '[]'),
	(362, '2019-04-24 15:12:54', 1, NULL, 'ReporteVentaVista', 'App\\Http\\Controllers\\ReporteController@ReporteVentaVista', 'GET', NULL, '[]'),
	(363, '2019-04-24 15:13:20', 1, NULL, 'ReporteVentaVista', 'App\\Http\\Controllers\\ReporteController@ReporteVentaVista', 'GET', NULL, '[]'),
	(364, '2019-04-25 09:13:56', 1, NULL, 'ReporteVentaVista', 'App\\Http\\Controllers\\ReporteController@ReporteVentaVista', 'GET', NULL, '[]'),
	(365, '2019-04-25 09:14:11', 1, NULL, 'ReporteVentaVista', 'App\\Http\\Controllers\\ReporteController@ReporteVentaVista', 'GET', NULL, '[]'),
	(366, '2019-04-25 12:40:27', 1, NULL, 'ReporteVentaJuegoVista', 'App\\Http\\Controllers\\ReporteController@ReporteVentaJuegoVista', 'GET', NULL, '[]'),
	(367, '2019-04-25 12:53:33', 1, NULL, 'ReporteVentaJuegoVista', 'App\\Http\\Controllers\\ReporteController@ReporteVentaJuegoVista', 'GET', NULL, '[]'),
	(368, '2019-04-25 13:05:50', 1, NULL, 'ReporteVentaJuegoVista', 'App\\Http\\Controllers\\ReporteController@ReporteVentaJuegoVista', 'GET', NULL, '[]'),
	(369, '2019-04-25 13:06:10', 1, NULL, 'ReporteVentaJuegoVista', 'App\\Http\\Controllers\\ReporteController@ReporteVentaJuegoVista', 'GET', NULL, '[]'),
	(370, '2019-04-25 13:06:10', 1, NULL, 'ReporteVentaJuegoVista', 'App\\Http\\Controllers\\ReporteController@ReporteVentaJuegoVista', 'GET', NULL, '[]'),
	(371, '2019-04-25 13:06:11', 1, NULL, 'ReporteVentaJuegoVista', 'App\\Http\\Controllers\\ReporteController@ReporteVentaJuegoVista', 'GET', NULL, '[]'),
	(372, '2019-04-25 13:07:09', 1, NULL, 'ReporteVentaJuegoVista', 'App\\Http\\Controllers\\ReporteController@ReporteVentaJuegoVista', 'GET', NULL, '[]'),
	(373, '2019-04-25 14:35:28', 1, NULL, 'PuntoVentaListar', 'App\\Http\\Controllers\\PuntoVentaController@PuntoVentaListarVista', 'GET', NULL, '[]'),
	(374, '2019-04-25 14:36:11', 1, NULL, 'PuntoVentaListar', 'App\\Http\\Controllers\\PuntoVentaController@PuntoVentaListarVista', 'GET', NULL, '[]'),
	(375, '2019-04-25 14:36:14', 1, NULL, 'PuntoVentaEditar/{idPuntoVenta}', 'App\\Http\\Controllers\\PuntoVentaController@PuntoVentaEditarVista', 'GET', NULL, '[]'),
	(376, '2019-04-25 14:36:18', 1, NULL, 'PuntoVentaListar', 'App\\Http\\Controllers\\PuntoVentaController@PuntoVentaListarVista', 'GET', NULL, '[]'),
	(377, '2019-04-25 14:41:53', 1, NULL, 'PuntoVentaListar', 'App\\Http\\Controllers\\PuntoVentaController@PuntoVentaListarVista', 'GET', NULL, '[]'),
	(378, '2019-04-25 14:42:17', 1, NULL, 'PuntoVentaListar', 'App\\Http\\Controllers\\PuntoVentaController@PuntoVentaListarVista', 'GET', NULL, '[]'),
	(379, '2019-04-25 14:42:49', 1, NULL, 'PuntoVentaEditar/{idPuntoVenta}', 'App\\Http\\Controllers\\PuntoVentaController@PuntoVentaEditarVista', 'GET', NULL, '[]'),
	(380, '2019-04-25 14:46:05', 1, NULL, 'PuntoVentaEditar/{idPuntoVenta}', 'App\\Http\\Controllers\\PuntoVentaController@PuntoVentaEditarVista', 'GET', NULL, '[]'),
	(381, '2019-04-25 14:49:53', 1, NULL, 'PuntoVentaEditar/{idPuntoVenta}', 'App\\Http\\Controllers\\PuntoVentaController@PuntoVentaEditarVista', 'GET', NULL, '[]'),
	(382, '2019-04-25 15:01:42', 1, NULL, 'Reporte de Ventas', 'App\\Http\\Controllers\\ReporteController@ReporteApuestaVista', 'GET', NULL, '[]'),
	(383, '2019-04-25 15:02:16', 1, NULL, 'ReportedeVentas', 'App\\Http\\Controllers\\ReporteController@ReporteApuestaVista', 'GET', NULL, '[]'),
	(384, '2019-04-25 15:02:40', 1, NULL, 'ReportedeVentas', 'App\\Http\\Controllers\\ReporteController@ReporteApuestaVista', 'GET', NULL, '[]'),
	(385, '2019-04-25 15:02:51', 1, NULL, 'ReportedeVentas', 'App\\Http\\Controllers\\ReporteController@ReporteApuestaVista', 'GET', NULL, '[]'),
	(386, '2019-04-25 15:09:08', 1, NULL, 'PuntoVentaEditar/{idPuntoVenta}', 'App\\Http\\Controllers\\PuntoVentaController@PuntoVentaEditarVista', 'GET', NULL, '[]'),
	(387, '2019-04-25 15:09:11', 1, NULL, 'ReporteVentasEventosVista', 'App\\Http\\Controllers\\ReporteController@ReporteVentaVista', 'GET', NULL, '[]'),
	(388, '2019-04-25 15:09:33', 1, NULL, 'ReporteVentasEventosVista', 'App\\Http\\Controllers\\ReporteController@ReporteVentaVista', 'GET', NULL, '[]'),
	(389, '2019-04-25 15:09:38', 1, NULL, 'ReportedeVentasVista', 'App\\Http\\Controllers\\ReporteController@ReporteApuestaVista', 'GET', NULL, '[]'),
	(390, '2019-04-25 15:10:06', 1, NULL, 'ReportedeVentasVista', 'App\\Http\\Controllers\\ReporteController@ReporteApuestaVista', 'GET', NULL, '[]'),
	(391, '2019-04-25 15:10:07', 1, NULL, 'ReporteVentasEventosVista', 'App\\Http\\Controllers\\ReporteController@ReporteVentaVista', 'GET', NULL, '[]'),
	(392, '2019-04-25 15:12:14', 1, NULL, 'ReporteHistorialEventosVista', 'App\\Http\\Controllers\\ReporteController@ReporteVentaJuegoVista', 'GET', NULL, '[]'),
	(393, '2019-04-25 15:14:24', 1, NULL, 'ReporteDetalleApuestaEventoVista', 'App\\Http\\Controllers\\ReporteController@ReporteHistorialGanadoresVista', 'GET', NULL, '[]'),
	(394, '2019-04-25 15:14:46', 1, NULL, 'ReporteDetalleApuestaEventoVista', 'App\\Http\\Controllers\\ReporteController@ReporteHistorialGanadoresVista', 'GET', NULL, '[]'),
	(395, '2019-04-25 15:15:26', 1, NULL, 'ReporteHistorialEventosVista', 'App\\Http\\Controllers\\ReporteController@ReporteVentaJuegoVista', 'GET', NULL, '[]'),
	(396, '2019-04-25 15:15:36', 1, NULL, 'ReportedeVentasVista', 'App\\Http\\Controllers\\ReporteController@ReporteApuestaVista', 'GET', NULL, '[]'),
	(397, '2019-04-25 15:15:47', 1, NULL, 'ReporteJackPot', 'App\\Http\\Controllers\\ReporteController@ReporteJackPotVista', 'GET', NULL, '[]'),
	(398, '2019-04-25 15:15:48', 1, NULL, 'ReporteJackPot', 'App\\Http\\Controllers\\ReporteController@ReporteJackPotVista', 'GET', NULL, '[]'),
	(399, '2019-04-25 15:15:52', 1, NULL, 'ReporteVentasEventosVista', 'App\\Http\\Controllers\\ReporteController@ReporteVentaVista', 'GET', NULL, '[]'),
	(400, '2019-04-25 15:16:07', 1, NULL, 'ReporteHistorialTicketVista', 'App\\Http\\Controllers\\ReporteController@ReporteHistorialTicketVista', 'GET', NULL, '[]'),
	(401, '2019-04-25 15:18:20', 1, NULL, 'ReporteDetalleApuestaEventoVista', 'App\\Http\\Controllers\\ReporteController@ReporteHistorialGanadoresVista', 'GET', NULL, '[]'),
	(402, '2019-04-25 15:22:48', 1, NULL, 'ReporteHistorialTicketVista', 'App\\Http\\Controllers\\ReporteController@ReporteHistorialTicketVista', 'GET', NULL, '[]'),
	(403, '2019-04-25 15:24:28', 1, NULL, 'ReporteHistorialTicketVista', 'App\\Http\\Controllers\\ReporteController@ReporteHistorialTicketVista', 'GET', NULL, '[]'),
	(404, '2019-04-25 15:25:06', 1, NULL, 'ReporteHistorialTicketVista', 'App\\Http\\Controllers\\ReporteController@ReporteHistorialTicketVista', 'GET', NULL, '[]'),
	(405, '2019-04-25 15:52:33', 1, NULL, 'VentanaCaja2', 'App\\Http\\Controllers\\VentaController@IndexNuevo', 'GET', NULL, '[]'),
	(406, '2019-04-25 15:52:44', 1, NULL, 'VentanaCaja2', 'App\\Http\\Controllers\\VentaController@IndexNuevo', 'GET', NULL, '[]'),
	(407, '2019-04-25 16:00:01', 1, NULL, 'VentanaCaja2', 'App\\Http\\Controllers\\VentaController@IndexNuevo', 'GET', NULL, '[]'),
	(408, '2019-04-25 16:00:14', 1, NULL, 'ReportedeVentasVista', 'App\\Http\\Controllers\\ReporteController@ReporteApuestaVista', 'GET', NULL, '[]'),
	(409, '2019-04-25 16:01:57', 1, NULL, 'ReportedeVentasVista', 'App\\Http\\Controllers\\ReporteController@ReporteApuestaVista', 'GET', NULL, '[]'),
	(410, '2019-04-25 16:35:05', 1, NULL, 'Dashboard', 'App\\Http\\Controllers\\HomeController@DashboardVista', 'GET', NULL, '[]'),
	(411, '2019-04-25 16:35:09', 1, NULL, 'VentanaCaja2', 'App\\Http\\Controllers\\VentaController@IndexNuevo', 'GET', NULL, '[]'),
	(412, '2019-04-25 16:35:16', 1, NULL, 'AperturaCajaListar', 'App\\Http\\Controllers\\AperturaCajaController@AperturaCajaListarVista', 'GET', NULL, '[]'),
	(413, '2019-04-25 16:35:21', 1, NULL, 'AperturaCajaInsertar', 'App\\Http\\Controllers\\AperturaCajaController@AperturaCajaInsertarVista', 'GET', NULL, '[]'),
	(414, '2019-04-25 16:35:30', 1, NULL, 'AperturaCajaInsertarJson', 'App\\Http\\Controllers\\AperturaCajaController@AperturaCajaInsertarJson', 'POST', NULL, '{"_token":"FT3C3bUh6hDnDlR2mNdzoupV8mz3Jy9eV3cWZMO2","idCaja":"1","idTurno":"1","idUsuario":"1","usuario":"test.cajero1","fechaOperacion":"2019\\/04\\/25"}'),
	(415, '2019-04-25 16:36:16', 1, NULL, 'VentanaCaja2', 'App\\Http\\Controllers\\VentaController@IndexNuevo', 'GET', NULL, '[]'),
	(416, '2019-04-25 16:58:51', 1, NULL, 'VentanaCaja2', 'App\\Http\\Controllers\\VentaController@IndexNuevo', 'GET', NULL, '[]'),
	(417, '2019-04-25 16:59:15', 1, NULL, 'VentanaCaja2', 'App\\Http\\Controllers\\VentaController@IndexNuevo', 'GET', NULL, '[]'),
	(418, '2019-04-25 17:35:54', 1, NULL, 'ConfiguracionJackpotListar', 'App\\Http\\Controllers\\ConfiguracionJackpotController@ConfiguracionJackpotListarVista', 'GET', NULL, '[]'),
	(419, '2019-04-25 17:35:58', 1, NULL, 'ConfiguracionJackpotInsertar', 'App\\Http\\Controllers\\ConfiguracionJackpotController@ConfiguracionJackpotInsertarVista', 'GET', NULL, '[]'),
	(420, '2019-04-25 17:37:22', 1, NULL, 'ConfiguracionJackpotInsertar', 'App\\Http\\Controllers\\ConfiguracionJackpotController@ConfiguracionJackpotInsertarVista', 'GET', NULL, '[]'),
	(421, '2019-04-26 13:55:08', 1, NULL, 'Dashboard', 'App\\Http\\Controllers\\HomeController@DashboardVista', 'GET', NULL, '[]'),
	(422, '2019-04-26 13:55:24', 1, NULL, 'VentanaCaja2', 'App\\Http\\Controllers\\VentaController@IndexNuevo', 'GET', NULL, '[]'),
	(423, '2019-04-26 14:29:10', 1, NULL, 'Dashboard', 'App\\Http\\Controllers\\HomeController@DashboardVista', 'GET', NULL, '[]'),
	(424, '2019-04-26 14:29:14', 1, NULL, 'VentanaCaja2', 'App\\Http\\Controllers\\VentaController@IndexNuevo', 'GET', NULL, '[]'),
	(425, '2019-04-26 14:32:31', 1, NULL, 'VentanaCaja2', 'App\\Http\\Controllers\\VentaController@IndexNuevo', 'GET', NULL, '[]'),
	(426, '2019-04-26 14:35:43', 1, NULL, 'VentanaCaja2', 'App\\Http\\Controllers\\VentaController@IndexNuevo', 'GET', NULL, '[]'),
	(427, '2019-04-29 08:17:44', 1, NULL, 'Dashboard', 'App\\Http\\Controllers\\HomeController@DashboardVista', 'GET', NULL, '[]'),
	(428, '2019-04-29 08:49:47', 1, NULL, 'Dashboard', 'App\\Http\\Controllers\\HomeController@DashboardVista', 'GET', NULL, '[]'),
	(429, '2019-04-29 08:57:25', 1, NULL, 'VentanaCaja2', 'App\\Http\\Controllers\\VentaController@IndexNuevo', 'GET', NULL, '[]'),
	(430, '2019-04-29 08:57:31', 1, NULL, 'AperturaCajaListar', 'App\\Http\\Controllers\\AperturaCajaController@AperturaCajaListarVista', 'GET', NULL, '[]'),
	(431, '2019-04-29 08:57:35', 1, NULL, 'ReporteCierraVentaVista', 'App\\Http\\Controllers\\ReporteController@ReporteCierraVentaVista', 'GET', NULL, '[]'),
	(432, '2019-04-29 08:57:47', 1, NULL, 'VentanaCaja2', 'App\\Http\\Controllers\\VentaController@IndexNuevo', 'GET', NULL, '[]'),
	(433, '2019-04-29 08:59:32', 1, NULL, 'Dashboard', 'App\\Http\\Controllers\\HomeController@DashboardVista', 'GET', NULL, '[]'),
	(434, '2019-04-29 08:59:38', 1, NULL, 'VentanaCaja2', 'App\\Http\\Controllers\\VentaController@IndexNuevo', 'GET', NULL, '[]'),
	(435, '2019-04-29 09:00:04', 1, NULL, 'VentanaCaja2', 'App\\Http\\Controllers\\VentaController@IndexNuevo', 'GET', NULL, '[]'),
	(436, '2019-04-29 09:00:50', 1, NULL, 'AperturaCajaListar', 'App\\Http\\Controllers\\AperturaCajaController@AperturaCajaListarVista', 'GET', NULL, '[]'),
	(437, '2019-04-29 09:01:02', 1, NULL, 'VentanaCaja2', 'App\\Http\\Controllers\\VentaController@IndexNuevo', 'GET', NULL, '[]'),
	(438, '2019-04-29 09:07:08', 1, NULL, 'Dashboard', 'App\\Http\\Controllers\\HomeController@DashboardVista', 'GET', NULL, '[]'),
	(439, '2019-04-29 09:09:34', 1, NULL, 'Dashboard', 'App\\Http\\Controllers\\HomeController@DashboardVista', 'GET', NULL, '[]'),
	(440, '2019-04-29 09:09:39', 1, NULL, 'VentanaCaja2', 'App\\Http\\Controllers\\VentaController@IndexNuevo', 'GET', NULL, '[]'),
	(441, '2019-04-29 09:10:16', 1, NULL, 'VentanaCaja2', 'App\\Http\\Controllers\\VentaController@IndexNuevo', 'GET', NULL, '[]'),
	(442, '2019-04-29 09:10:56', 1, NULL, 'AperturaCajaListar', 'App\\Http\\Controllers\\AperturaCajaController@AperturaCajaListarVista', 'GET', NULL, '[]'),
	(443, '2019-04-29 09:11:18', 1, NULL, 'VentanaCaja2', 'App\\Http\\Controllers\\VentaController@IndexNuevo', 'GET', NULL, '[]'),
	(444, '2019-04-29 09:11:57', 1, NULL, 'VentanaCaja2', 'App\\Http\\Controllers\\VentaController@IndexNuevo', 'GET', NULL, '[]'),
	(445, '2019-04-29 09:12:24', 1, NULL, 'VentanaCaja2', 'App\\Http\\Controllers\\VentaController@IndexNuevo', 'GET', NULL, '[]'),
	(446, '2019-04-29 09:13:25', 1, NULL, 'VentanaCaja2', 'App\\Http\\Controllers\\VentaController@IndexNuevo', 'GET', NULL, '[]'),
	(447, '2019-04-29 09:13:44', 1, NULL, 'VentanaCaja2', 'App\\Http\\Controllers\\VentaController@IndexNuevo', 'GET', NULL, '[]'),
	(448, '2019-04-29 09:18:38', 1, NULL, 'VentanaCaja2', 'App\\Http\\Controllers\\VentaController@IndexNuevo', 'GET', NULL, '[]'),
	(449, '2019-04-29 09:19:32', 1, NULL, 'VentanaCaja2', 'App\\Http\\Controllers\\VentaController@IndexNuevo', 'GET', NULL, '[]'),
	(450, '2019-04-29 09:19:56', 1, NULL, 'VentanaCaja2', 'App\\Http\\Controllers\\VentaController@IndexNuevo', 'GET', NULL, '[]'),
	(451, '2019-04-29 09:20:58', 1, NULL, 'VentanaCaja2', 'App\\Http\\Controllers\\VentaController@IndexNuevo', 'GET', NULL, '[]'),
	(452, '2019-04-29 09:21:31', 1, NULL, 'VentanaCaja2', 'App\\Http\\Controllers\\VentaController@IndexNuevo', 'GET', NULL, '[]'),
	(453, '2019-04-29 09:23:38', 1, NULL, 'VentanaCaja2', 'App\\Http\\Controllers\\VentaController@IndexNuevo', 'GET', NULL, '[]'),
	(454, '2019-04-29 09:24:26', 1, NULL, 'VentanaCaja2', 'App\\Http\\Controllers\\VentaController@IndexNuevo', 'GET', NULL, '[]'),
	(455, '2019-04-29 09:25:33', 1, NULL, 'VentanaCaja2', 'App\\Http\\Controllers\\VentaController@IndexNuevo', 'GET', NULL, '[]'),
	(456, '2019-04-29 09:25:50', 1, NULL, 'EmpresaListar', 'App\\Http\\Controllers\\EmpresaController@EmpresaListarVista', 'GET', NULL, '[]'),
	(457, '2019-04-29 09:25:52', 1, NULL, 'Dashboard', 'App\\Http\\Controllers\\HomeController@DashboardVista', 'GET', NULL, '[]'),
	(458, '2019-04-29 09:25:53', 1, NULL, 'CajaListar', 'App\\Http\\Controllers\\CajaController@CajaListarVista', 'GET', NULL, '[]'),
	(459, '2019-04-29 09:25:54', 1, NULL, 'TurnoListar', 'App\\Http\\Controllers\\TurnoController@TurnoListarVista', 'GET', NULL, '[]'),
	(460, '2019-04-29 09:27:37', 1, NULL, 'VentanaCaja2', 'App\\Http\\Controllers\\VentaController@IndexNuevo', 'GET', NULL, '[]'),
	(461, '2019-04-29 09:28:47', 1, NULL, 'AperturaCajaListar', 'App\\Http\\Controllers\\AperturaCajaController@AperturaCajaListarVista', 'GET', NULL, '[]'),
	(462, '2019-04-29 09:30:10', 1, NULL, 'VentanaCaja2', 'App\\Http\\Controllers\\VentaController@IndexNuevo', 'GET', NULL, '[]'),
	(463, '2019-04-29 09:30:40', 1, NULL, 'VentanaCaja2', 'App\\Http\\Controllers\\VentaController@IndexNuevo', 'GET', NULL, '[]'),
	(464, '2019-04-29 09:30:45', 1, NULL, 'AperturaCajaListar', 'App\\Http\\Controllers\\AperturaCajaController@AperturaCajaListarVista', 'GET', NULL, '[]'),
	(465, '2019-04-29 09:33:49', 1, NULL, 'VentanaCaja2', 'App\\Http\\Controllers\\VentaController@IndexNuevo', 'GET', NULL, '[]'),
	(466, '2019-04-29 09:35:04', 1, NULL, 'VentanaCaja2', 'App\\Http\\Controllers\\VentaController@IndexNuevo', 'GET', NULL, '[]'),
	(467, '2019-04-29 09:35:24', 1, NULL, 'VentanaCaja2', 'App\\Http\\Controllers\\VentaController@IndexNuevo', 'GET', NULL, '[]'),
	(468, '2019-04-29 09:36:20', 1, NULL, 'VentanaCaja2', 'App\\Http\\Controllers\\VentaController@IndexNuevo', 'GET', NULL, '[]'),
	(469, '2019-04-29 09:38:02', 1, NULL, 'VentanaCaja2', 'App\\Http\\Controllers\\VentaController@IndexNuevo', 'GET', NULL, '[]'),
	(470, '2019-04-29 09:38:24', 1, NULL, 'VentanaCaja2', 'App\\Http\\Controllers\\VentaController@IndexNuevo', 'GET', NULL, '[]'),
	(471, '2019-04-29 09:38:44', 1, NULL, 'VentanaCaja2', 'App\\Http\\Controllers\\VentaController@IndexNuevo', 'GET', NULL, '[]'),
	(472, '2019-04-29 09:38:50', 1, NULL, 'VentanaCaja2', 'App\\Http\\Controllers\\VentaController@IndexNuevo', 'GET', NULL, '[]'),
	(473, '2019-04-29 09:39:41', 1, NULL, 'VentanaCaja2', 'App\\Http\\Controllers\\VentaController@IndexNuevo', 'GET', NULL, '[]'),
	(474, '2019-04-29 09:41:02', 1, NULL, 'VentanaCaja2', 'App\\Http\\Controllers\\VentaController@IndexNuevo', 'GET', NULL, '[]'),
	(475, '2019-04-29 09:41:11', 1, NULL, 'VentanaCaja2', 'App\\Http\\Controllers\\VentaController@IndexNuevo', 'GET', NULL, '[]'),
	(476, '2019-04-29 09:41:17', 1, NULL, 'VentanaCaja2', 'App\\Http\\Controllers\\VentaController@IndexNuevo', 'GET', NULL, '[]'),
	(477, '2019-04-29 09:41:31', 1, NULL, 'VentanaCaja2', 'App\\Http\\Controllers\\VentaController@IndexNuevo', 'GET', NULL, '[]'),
	(478, '2019-04-29 09:41:43', 1, NULL, 'VentanaCaja2', 'App\\Http\\Controllers\\VentaController@IndexNuevo', 'GET', NULL, '[]'),
	(479, '2019-04-29 09:42:01', 1, NULL, 'VentanaCaja2', 'App\\Http\\Controllers\\VentaController@IndexNuevo', 'GET', NULL, '[]'),
	(480, '2019-04-29 09:42:26', 1, NULL, 'VentanaCaja2', 'App\\Http\\Controllers\\VentaController@IndexNuevo', 'GET', NULL, '[]'),
	(481, '2019-04-29 09:42:36', 1, NULL, 'VentanaCaja2', 'App\\Http\\Controllers\\VentaController@IndexNuevo', 'GET', NULL, '[]'),
	(482, '2019-04-29 09:42:43', 1, NULL, 'VentanaCaja2', 'App\\Http\\Controllers\\VentaController@IndexNuevo', 'GET', NULL, '[]'),
	(483, '2019-04-29 09:42:47', 1, NULL, 'VentanaCaja2', 'App\\Http\\Controllers\\VentaController@IndexNuevo', 'GET', NULL, '[]'),
	(484, '2019-04-29 09:42:55', 1, NULL, 'AperturaCajaListar', 'App\\Http\\Controllers\\AperturaCajaController@AperturaCajaListarVista', 'GET', NULL, '[]'),
	(485, '2019-04-29 09:43:02', 1, NULL, 'VentanaCaja2', 'App\\Http\\Controllers\\VentaController@IndexNuevo', 'GET', NULL, '[]'),
	(486, '2019-04-29 09:43:10', 1, NULL, 'AperturaCajaListar', 'App\\Http\\Controllers\\AperturaCajaController@AperturaCajaListarVista', 'GET', NULL, '[]'),
	(487, '2019-04-29 09:47:08', 1, NULL, 'VentanaCaja2', 'App\\Http\\Controllers\\VentaController@IndexNuevo', 'GET', NULL, '[]'),
	(488, '2019-04-29 09:47:49', 1, NULL, 'AperturaCajaListar', 'App\\Http\\Controllers\\AperturaCajaController@AperturaCajaListarVista', 'GET', NULL, '[]'),
	(489, '2019-04-29 09:48:46', 1, NULL, 'AperturaCajaListar', 'App\\Http\\Controllers\\AperturaCajaController@AperturaCajaListarVista', 'GET', NULL, '[]'),
	(490, '2019-04-29 09:48:56', 1, NULL, 'VentanaCaja2', 'App\\Http\\Controllers\\VentaController@IndexNuevo', 'GET', NULL, '[]'),
	(491, '2019-04-29 09:49:01', 1, NULL, 'AperturaCajaListar', 'App\\Http\\Controllers\\AperturaCajaController@AperturaCajaListarVista', 'GET', NULL, '[]'),
	(492, '2019-04-29 09:49:04', 1, NULL, 'AperturaCajaInsertar', 'App\\Http\\Controllers\\AperturaCajaController@AperturaCajaInsertarVista', 'GET', NULL, '[]'),
	(493, '2019-04-29 09:49:13', 1, NULL, 'AperturaCajaInsertarJson', 'App\\Http\\Controllers\\AperturaCajaController@AperturaCajaInsertarJson', 'POST', NULL, '{"_token":"3T4FkXSzUYSP89YEnGJAwCoSayf0XYL0udhE8H2m","idCaja":"1","idTurno":"1","idUsuario":"1","usuario":"test.cajero1","fechaOperacion":"2019\\/04\\/29"}'),
	(494, '2019-04-29 09:49:16', 1, NULL, 'AperturaCajaListar', 'App\\Http\\Controllers\\AperturaCajaController@AperturaCajaListarVista', 'GET', NULL, '[]'),
	(495, '2019-04-29 09:49:20', 1, NULL, 'VentanaCaja2', 'App\\Http\\Controllers\\VentaController@IndexNuevo', 'GET', NULL, '[]'),
	(496, '2019-04-29 09:49:39', 1, NULL, 'AperturaCajaListar', 'App\\Http\\Controllers\\AperturaCajaController@AperturaCajaListarVista', 'GET', NULL, '[]'),
	(497, '2019-04-29 09:49:52', 1, NULL, 'VentanaCaja2', 'App\\Http\\Controllers\\VentaController@IndexNuevo', 'GET', NULL, '[]'),
	(498, '2019-04-29 09:52:24', 1, NULL, 'VentanaCaja2', 'App\\Http\\Controllers\\VentaController@IndexNuevo', 'GET', NULL, '[]'),
	(499, '2019-04-29 09:53:42', 1, NULL, 'VentanaCaja2', 'App\\Http\\Controllers\\VentaController@IndexNuevo', 'GET', NULL, '[]'),
	(500, '2019-04-29 11:10:26', 1, NULL, 'VentanaCaja2', 'App\\Http\\Controllers\\VentaController@IndexNuevo', 'GET', NULL, '[]'),
	(501, '2019-04-29 11:11:34', 1, NULL, 'VentanaCaja2', 'App\\Http\\Controllers\\VentaController@IndexNuevo', 'GET', NULL, '[]'),
	(502, '2019-04-29 13:52:18', 1, NULL, 'JuegoListarVista', 'App\\Http\\Controllers\\JuegoController@JuegoListarVista', 'GET', NULL, '[]'),
	(503, '2019-04-29 13:52:23', 1, NULL, 'JuegoListarVista', 'App\\Http\\Controllers\\JuegoController@JuegoListarVista', 'GET', NULL, '[]'),
	(504, '2019-04-29 13:52:39', 1, NULL, 'JuegoListarVista', 'App\\Http\\Controllers\\JuegoController@JuegoListarVista', 'GET', NULL, '[]'),
	(505, '2019-04-29 13:53:12', 1, NULL, 'JuegoListarVista', 'App\\Http\\Controllers\\JuegoController@JuegoListarVista', 'GET', NULL, '[]'),
	(506, '2019-04-29 13:53:16', 1, NULL, 'JuegoListarVista', 'App\\Http\\Controllers\\JuegoController@JuegoListarVista', 'GET', NULL, '[]'),
	(507, '2019-04-29 13:53:49', 1, NULL, 'JuegoListarVista', 'App\\Http\\Controllers\\JuegoController@JuegoListarVista', 'GET', NULL, '[]'),
	(508, '2019-04-29 13:54:09', 1, NULL, 'JuegoListarVista', 'App\\Http\\Controllers\\JuegoController@JuegoListarVista', 'GET', NULL, '[]'),
	(509, '2019-04-29 13:54:50', 1, NULL, 'JuegoListarVista', 'App\\Http\\Controllers\\JuegoController@JuegoListarVista', 'GET', NULL, '[]'),
	(510, '2019-04-29 14:09:04', 1, NULL, 'JuegoListarVista', 'App\\Http\\Controllers\\JuegoController@JuegoListarVista', 'GET', NULL, '[]'),
	(511, '2019-04-29 14:09:09', 1, NULL, 'JuegoEditarVista/{IdJuego}', 'App\\Http\\Controllers\\JuegoController@JuegoEditarVista', 'GET', NULL, '[]'),
	(512, '2019-04-29 14:09:18', 1, NULL, 'JuegoEditarVista/{IdJuego}', 'App\\Http\\Controllers\\JuegoController@JuegoEditarVista', 'GET', NULL, '[]'),
	(513, '2019-04-29 14:09:44', 1, NULL, 'JuegoEditarVista/{IdJuego}', 'App\\Http\\Controllers\\JuegoController@JuegoEditarVista', 'GET', NULL, '[]'),
	(514, '2019-04-29 14:12:43', 1, NULL, 'JuegoEditarVista/{IdJuego}', 'App\\Http\\Controllers\\JuegoController@JuegoEditarVista', 'GET', NULL, '[]'),
	(515, '2019-04-29 14:13:06', 1, NULL, 'JuegoEditarVista/{IdJuego}', 'App\\Http\\Controllers\\JuegoController@JuegoEditarVista', 'GET', NULL, '[]'),
	(516, '2019-04-29 14:13:14', 1, NULL, 'JuegoEditarVista/{IdJuego}', 'App\\Http\\Controllers\\JuegoController@JuegoEditarVista', 'GET', NULL, '[]'),
	(517, '2019-04-29 14:14:33', 1, NULL, 'JuegoEditarVista/{IdJuego}', 'App\\Http\\Controllers\\JuegoController@JuegoEditarVista', 'GET', NULL, '[]'),
	(518, '2019-04-29 14:18:26', 1, NULL, 'JuegoEditarVista/{IdJuego}', 'App\\Http\\Controllers\\JuegoController@JuegoEditarVista', 'GET', NULL, '[]'),
	(519, '2019-04-29 14:20:19', 1, NULL, 'JuegoEditarVista/{IdJuego}', 'App\\Http\\Controllers\\JuegoController@JuegoEditarVista', 'GET', NULL, '[]'),
	(520, '2019-04-29 14:20:24', 1, NULL, 'PuntoVentaEditarJson', 'App\\Http\\Controllers\\PuntoVentaController@PuntoVentaEditarJson', 'POST', NULL, '{"_token":"p0gqJ0AJZLcqIkIasg3uRECBDZhxzx4dUdeM6RNW","idPuntoVenta":"1","apuestaMinima":"1.00","apuestaMaxima":"1000.00","PremioMaximoPagar":"10.00"}'),
	(521, '2019-04-29 14:20:28', 1, NULL, 'PuntoVentaEditarJson', 'App\\Http\\Controllers\\PuntoVentaController@PuntoVentaEditarJson', 'POST', NULL, '{"_token":"p0gqJ0AJZLcqIkIasg3uRECBDZhxzx4dUdeM6RNW","idPuntoVenta":"1","apuestaMinima":"1.00","apuestaMaxima":"1000.00","PremioMaximoPagar":"10.00"}'),
	(522, '2019-04-29 14:21:11', 1, NULL, 'JuegoEditarVista/{IdJuego}', 'App\\Http\\Controllers\\JuegoController@JuegoEditarVista', 'GET', NULL, '[]'),
	(523, '2019-04-29 14:21:18', 1, NULL, 'JuegoEditarJson', 'App\\Http\\Controllers\\JuegoController@JuegoEditarJson', 'POST', NULL, '{"_token":"p0gqJ0AJZLcqIkIasg3uRECBDZhxzx4dUdeM6RNW","idPuntoVenta":"1","apuestaMinima":"1.00","apuestaMaxima":"1000.00","PremioMaximoPagar":"100.00"}'),
	(524, '2019-04-29 14:21:41', 1, NULL, 'JuegoEditarJson', 'App\\Http\\Controllers\\JuegoController@JuegoEditarJson', 'POST', NULL, '{"_token":"p0gqJ0AJZLcqIkIasg3uRECBDZhxzx4dUdeM6RNW","idPuntoVenta":"1","apuestaMinima":"1.00","apuestaMaxima":"1000.00","PremioMaximoPagar":"100.00"}'),
	(525, '2019-04-29 14:22:03', 1, NULL, 'JuegoEditarVista/{IdJuego}', 'App\\Http\\Controllers\\JuegoController@JuegoEditarVista', 'GET', NULL, '[]'),
	(526, '2019-04-29 14:22:07', 1, NULL, 'JuegoEditarJson', 'App\\Http\\Controllers\\JuegoController@JuegoEditarJson', 'POST', NULL, '{"_token":"p0gqJ0AJZLcqIkIasg3uRECBDZhxzx4dUdeM6RNW","idJuego":"1","apuestaMinima":"1.00","apuestaMaxima":"1000.00","PremioMaximoPagar":"1000.00"}'),
	(527, '2019-04-29 14:23:05', 1, NULL, 'JuegoEditarJson', 'App\\Http\\Controllers\\JuegoController@JuegoEditarJson', 'POST', NULL, '{"_token":"p0gqJ0AJZLcqIkIasg3uRECBDZhxzx4dUdeM6RNW","idJuego":"1","apuestaMinima":"1.00","apuestaMaxima":"1000.00","PremioMaximoPagar":"1000.00"}'),
	(528, '2019-04-29 14:23:24', 1, NULL, 'JuegoEditarJson', 'App\\Http\\Controllers\\JuegoController@JuegoEditarJson', 'POST', NULL, '{"_token":"p0gqJ0AJZLcqIkIasg3uRECBDZhxzx4dUdeM6RNW","idJuego":"1","apuestaMinima":"1.00","apuestaMaxima":"1000.00","PremioMaximoPagar":"1000.00"}'),
	(529, '2019-04-29 14:23:53', 1, NULL, 'Dashboard', 'App\\Http\\Controllers\\HomeController@DashboardVista', 'GET', NULL, '[]'),
	(530, '2019-04-29 14:23:56', 1, NULL, 'JuegoEditarJson', 'App\\Http\\Controllers\\JuegoController@JuegoEditarJson', 'POST', NULL, '{"_token":"p0gqJ0AJZLcqIkIasg3uRECBDZhxzx4dUdeM6RNW","idJuego":"1","apuestaMinima":"1.00","apuestaMaxima":"1000.00","PremioMaximoPagar":"1000.00"}'),
	(531, '2019-04-29 14:24:22', 1, NULL, 'JuegoEditarJson', 'App\\Http\\Controllers\\JuegoController@JuegoEditarJson', 'POST', NULL, '{"_token":"p0gqJ0AJZLcqIkIasg3uRECBDZhxzx4dUdeM6RNW","idJuego":"1","apuestaMinima":"1.00","apuestaMaxima":"1000.00","PremioMaximoPagar":"1000.00"}'),
	(532, '2019-04-29 14:25:09', 1, NULL, 'JuegoEditarJson', 'App\\Http\\Controllers\\JuegoController@JuegoEditarJson', 'POST', NULL, '{"_token":"p0gqJ0AJZLcqIkIasg3uRECBDZhxzx4dUdeM6RNW","idJuego":"1","apuestaMinima":"1.00","apuestaMaxima":"1000.00","PremioMaximoPagar":"1000.00"}'),
	(533, '2019-04-29 14:25:35', 1, NULL, 'JuegoEditarVista/{IdJuego}', 'App\\Http\\Controllers\\JuegoController@JuegoEditarVista', 'GET', NULL, '[]'),
	(534, '2019-04-29 14:25:37', 1, NULL, 'JuegoEditarVista/{IdJuego}', 'App\\Http\\Controllers\\JuegoController@JuegoEditarVista', 'GET', NULL, '[]'),
	(535, '2019-04-29 14:25:48', 1, NULL, 'JuegoEditarVista/{IdJuego}', 'App\\Http\\Controllers\\JuegoController@JuegoEditarVista', 'GET', NULL, '[]'),
	(536, '2019-04-29 14:25:51', 1, NULL, 'JuegoEditarJson', 'App\\Http\\Controllers\\JuegoController@JuegoEditarJson', 'POST', NULL, '{"_token":"p0gqJ0AJZLcqIkIasg3uRECBDZhxzx4dUdeM6RNW","idJuego":"1","apuestaMinima":"1.00","apuestaMaxima":"1000.00","PremioMaximoPagar":"2000.00"}'),
	(537, '2019-04-29 14:25:58', 1, NULL, 'JuegoEditarVista/{IdJuego}', 'App\\Http\\Controllers\\JuegoController@JuegoEditarVista', 'GET', NULL, '[]'),
	(538, '2019-04-29 14:26:10', 1, NULL, 'JuegoEditarVista/{IdJuego}', 'App\\Http\\Controllers\\JuegoController@JuegoEditarVista', 'GET', NULL, '[]'),
	(539, '2019-04-29 14:26:13', 1, NULL, 'JuegoEditarJson', 'App\\Http\\Controllers\\JuegoController@JuegoEditarJson', 'POST', NULL, '{"_token":"p0gqJ0AJZLcqIkIasg3uRECBDZhxzx4dUdeM6RNW","idJuego":"1","apuestaMinima":"1.00","apuestaMaxima":"1000.00","PremioMaximoPagar":"3000.00"}'),
	(540, '2019-04-29 14:30:09', 1, NULL, 'JuegoEditarVista/{IdJuego}', 'App\\Http\\Controllers\\JuegoController@JuegoEditarVista', 'GET', NULL, '[]'),
	(541, '2019-04-29 14:30:15', 1, NULL, 'JuegoEditarJson', 'App\\Http\\Controllers\\JuegoController@JuegoEditarJson', 'POST', NULL, '{"_token":"p0gqJ0AJZLcqIkIasg3uRECBDZhxzx4dUdeM6RNW","idJuego":"1","apuestaMinima":"3.00","apuestaMaxima":"3000.00","PremioMaximoPagar":"3000.00"}'),
	(542, '2019-04-29 14:30:29', 1, NULL, 'JuegoEditarJson', 'App\\Http\\Controllers\\JuegoController@JuegoEditarJson', 'POST', NULL, '{"_token":"p0gqJ0AJZLcqIkIasg3uRECBDZhxzx4dUdeM6RNW","idJuego":"1","apuestaMinima":"1","apuestaMaxima":"1000","PremioMaximoPagar":"3000.00"}'),
	(543, '2019-04-29 14:31:27', 1, NULL, 'JuegoListarVista', 'App\\Http\\Controllers\\JuegoController@JuegoListarVista', 'GET', NULL, '[]'),
	(544, '2019-04-29 14:51:11', 1, NULL, 'ReporteHistorialTicketVista', 'App\\Http\\Controllers\\ReporteController@ReporteHistorialTicketVista', 'GET', NULL, '[]'),
	(545, '2019-04-29 14:51:58', 1, NULL, 'ReporteHistorialTicketVista', 'App\\Http\\Controllers\\ReporteController@ReporteHistorialTicketVista', 'GET', NULL, '[]'),
	(546, '2019-04-29 15:35:00', 1, NULL, 'VentanaCaja2', 'App\\Http\\Controllers\\VentaController@IndexNuevo', 'GET', NULL, '[]'),
	(547, '2019-04-29 15:35:12', 1, NULL, 'AperturaCajaListar', 'App\\Http\\Controllers\\AperturaCajaController@AperturaCajaListarVista', 'GET', NULL, '[]'),
	(548, '2019-04-29 15:35:18', 1, NULL, 'VentanaCaja2', 'App\\Http\\Controllers\\VentaController@IndexNuevo', 'GET', NULL, '[]'),
	(549, '2019-04-29 15:36:08', 1, NULL, 'VentanaCaja2', 'App\\Http\\Controllers\\VentaController@IndexNuevo', 'GET', NULL, '[]'),
	(550, '2019-04-29 15:46:12', 1, NULL, 'ReporteHistorialTicketVista', 'App\\Http\\Controllers\\ReporteController@ReporteHistorialTicketVista', 'GET', NULL, '[]'),
	(551, '2019-04-29 15:46:17', 1, NULL, 'ReporteHistorialTicketVista', 'App\\Http\\Controllers\\ReporteController@ReporteHistorialTicketVista', 'GET', NULL, '[]'),
	(552, '2019-04-29 15:46:35', 1, NULL, 'ReporteHistorialTicketVista', 'App\\Http\\Controllers\\ReporteController@ReporteHistorialTicketVista', 'GET', NULL, '[]'),
	(553, '2019-04-29 15:48:30', 1, NULL, 'ReporteHistorialTicketVista', 'App\\Http\\Controllers\\ReporteController@ReporteHistorialTicketVista', 'GET', NULL, '[]'),
	(554, '2019-04-29 15:50:48', 1, NULL, 'ReporteHistorialTicketVista', 'App\\Http\\Controllers\\ReporteController@ReporteHistorialTicketVista', 'GET', NULL, '[]'),
	(555, '2019-04-29 15:51:09', 1, NULL, 'Dashboard', 'App\\Http\\Controllers\\HomeController@DashboardVista', 'GET', NULL, '[]'),
	(556, '2019-04-29 15:51:14', 1, NULL, 'ReporteHistorialTicketVista', 'App\\Http\\Controllers\\ReporteController@ReporteHistorialTicketVista', 'GET', NULL, '[]'),
	(557, '2019-04-29 15:56:41', 1, NULL, 'VentanaCaja2', 'App\\Http\\Controllers\\VentaController@IndexNuevo', 'GET', NULL, '[]'),
	(558, '2019-04-29 15:57:59', 1, NULL, 'ReporteHistorialTicketVista', 'App\\Http\\Controllers\\ReporteController@ReporteHistorialTicketVista', 'GET', NULL, '[]'),
	(559, '2019-04-29 16:11:08', 1, NULL, 'VentanaCaja2', 'App\\Http\\Controllers\\VentaController@IndexNuevo', 'GET', NULL, '[]'),
	(560, '2019-04-29 16:20:21', 1, NULL, 'ReporteHistorialTicketVista', 'App\\Http\\Controllers\\ReporteController@ReporteHistorialTicketVista', 'GET', NULL, '[]'),
	(561, '2019-04-29 16:26:17', 1, NULL, 'VentanaCaja2', 'App\\Http\\Controllers\\VentaController@IndexNuevo', 'GET', NULL, '[]'),
	(562, '2019-04-29 16:26:22', 1, NULL, 'AperturaCajaListar', 'App\\Http\\Controllers\\AperturaCajaController@AperturaCajaListarVista', 'GET', NULL, '[]'),
	(563, '2019-04-29 16:26:24', 1, NULL, 'AperturaCajaInsertar', 'App\\Http\\Controllers\\AperturaCajaController@AperturaCajaInsertarVista', 'GET', NULL, '[]'),
	(564, '2019-04-29 16:26:29', 1, NULL, 'AperturaCajaInsertarJson', 'App\\Http\\Controllers\\AperturaCajaController@AperturaCajaInsertarJson', 'POST', NULL, '{"_token":"p0gqJ0AJZLcqIkIasg3uRECBDZhxzx4dUdeM6RNW","idCaja":"1","idTurno":"1","idUsuario":"1","usuario":"test.cajero1","fechaOperacion":"2019\\/04\\/29"}'),
	(565, '2019-04-29 16:26:33', 1, NULL, 'AperturaCajaListar', 'App\\Http\\Controllers\\AperturaCajaController@AperturaCajaListarVista', 'GET', NULL, '[]'),
	(566, '2019-04-29 16:26:37', 1, NULL, 'VentanaCaja2', 'App\\Http\\Controllers\\VentaController@IndexNuevo', 'GET', NULL, '[]'),
	(567, '2019-04-29 16:54:28', 1, NULL, 'ReporteHistorialTicketVista', 'App\\Http\\Controllers\\ReporteController@ReporteHistorialTicketVista', 'GET', NULL, '[]'),
	(568, '2019-04-29 16:54:34', 1, NULL, 'ReporteHistorialTicketVista', 'App\\Http\\Controllers\\ReporteController@ReporteHistorialTicketVista', 'GET', NULL, '[]'),
	(569, '2019-04-29 16:55:04', 1, NULL, 'ReporteHistorialTicketVista', 'App\\Http\\Controllers\\ReporteController@ReporteHistorialTicketVista', 'GET', NULL, '[]'),
	(570, '2019-04-29 16:58:34', 1, NULL, 'ReporteHistorialTicketVista', 'App\\Http\\Controllers\\ReporteController@ReporteHistorialTicketVista', 'GET', NULL, '[]'),
	(571, '2019-04-29 17:03:26', 1, NULL, 'Dashboard', 'App\\Http\\Controllers\\HomeController@DashboardVista', 'GET', NULL, '[]'),
	(572, '2019-04-29 17:06:28', 1, NULL, 'ReporteHistorialTicketVista', 'App\\Http\\Controllers\\ReporteController@ReporteHistorialTicketVista', 'GET', NULL, '[]'),
	(573, '2019-04-29 17:40:07', 1, NULL, 'Dashboard', 'App\\Http\\Controllers\\HomeController@DashboardVista', 'GET', NULL, '[]'),
	(574, '2019-04-29 17:40:17', 1, NULL, 'Dashboard', 'App\\Http\\Controllers\\HomeController@DashboardVista', 'GET', NULL, '[]'),
	(575, '2019-04-29 17:40:22', 1, NULL, 'Dashboard', 'App\\Http\\Controllers\\HomeController@DashboardVista', 'GET', NULL, '[]'),
	(576, '2019-04-29 17:40:30', 1, NULL, 'Dashboard', 'App\\Http\\Controllers\\HomeController@DashboardVista', 'GET', NULL, '[]'),
	(577, '2019-04-29 17:40:41', 1, NULL, 'Dashboard', 'App\\Http\\Controllers\\HomeController@DashboardVista', 'GET', NULL, '[]'),
	(578, '2019-04-29 17:40:49', 1, NULL, 'Dashboard', 'App\\Http\\Controllers\\HomeController@DashboardVista', 'GET', NULL, '[]'),
	(579, '2019-04-29 17:41:11', 1, NULL, 'Dashboard', 'App\\Http\\Controllers\\HomeController@DashboardVista', 'GET', NULL, '[]'),
	(580, '2019-04-29 17:46:17', 1, NULL, 'VentanaCaja2', 'App\\Http\\Controllers\\VentaController@IndexNuevo', 'GET', NULL, '[]'),
	(581, '2019-04-30 08:28:58', 1, NULL, 'Dashboard', 'App\\Http\\Controllers\\HomeController@DashboardVista', 'GET', NULL, '[]'),
	(582, '2019-04-30 09:59:09', 1, NULL, 'VentanaCaja2', 'App\\Http\\Controllers\\VentaController@IndexNuevo', 'GET', NULL, '[]'),
	(583, '2019-04-30 10:00:27', 1, NULL, 'VentanaCaja2', 'App\\Http\\Controllers\\VentaController@IndexNuevo', 'GET', NULL, '[]'),
	(584, '2019-04-30 10:24:43', 1, NULL, 'VentanaCaja2', 'App\\Http\\Controllers\\VentaController@IndexNuevo', 'GET', NULL, '[]'),
	(585, '2019-04-30 10:24:51', 1, NULL, 'AperturaCajaListar', 'App\\Http\\Controllers\\AperturaCajaController@AperturaCajaListarVista', 'GET', NULL, '[]'),
	(586, '2019-04-30 10:24:55', 1, NULL, 'AperturaCajaInsertar', 'App\\Http\\Controllers\\AperturaCajaController@AperturaCajaInsertarVista', 'GET', NULL, '[]'),
	(587, '2019-04-30 10:25:01', 1, NULL, 'AperturaCajaInsertarJson', 'App\\Http\\Controllers\\AperturaCajaController@AperturaCajaInsertarJson', 'POST', NULL, '{"_token":"oOn0zdUg5LrCE7v9q35XGNgxAiUcK0yhrGMfBKLQ","idCaja":"1","idTurno":"1","idUsuario":"1","usuario":"test.cajero1","fechaOperacion":"2019\\/04\\/30"}'),
	(588, '2019-04-30 10:25:03', 1, NULL, 'AperturaCajaListar', 'App\\Http\\Controllers\\AperturaCajaController@AperturaCajaListarVista', 'GET', NULL, '[]'),
	(589, '2019-04-30 10:25:53', 1, NULL, 'VentanaCaja2', 'App\\Http\\Controllers\\VentaController@IndexNuevo', 'GET', NULL, '[]'),
	(590, '2019-04-30 10:27:34', 1, NULL, 'ReportedeVentasVista', 'App\\Http\\Controllers\\ReporteController@ReporteApuestaVista', 'GET', NULL, '[]'),
	(591, '2019-04-30 10:27:38', 1, NULL, 'ReporteHistorialTicketVista', 'App\\Http\\Controllers\\ReporteController@ReporteHistorialTicketVista', 'GET', NULL, '[]'),
	(592, '2019-04-30 10:36:29', 1, NULL, 'Dashboard', 'App\\Http\\Controllers\\HomeController@DashboardVista', 'GET', NULL, '[]'),
	(593, '2019-04-30 10:36:42', 1, NULL, 'Dashboard', 'App\\Http\\Controllers\\HomeController@DashboardVista', 'GET', NULL, '[]'),
	(594, '2019-04-30 10:37:22', 1, NULL, 'Dashboard', 'App\\Http\\Controllers\\HomeController@DashboardVista', 'GET', NULL, '[]'),
	(595, '2019-04-30 10:38:26', 1, NULL, 'Dashboard', 'App\\Http\\Controllers\\HomeController@DashboardVista', 'GET', NULL, '[]'),
	(596, '2019-04-30 10:43:30', 1, NULL, 'Dashboard', 'App\\Http\\Controllers\\HomeController@DashboardVista', 'GET', NULL, '[]'),
	(597, '2019-04-30 10:43:35', 1, NULL, 'ReporteHistorialTicketVista', 'App\\Http\\Controllers\\ReporteController@ReporteHistorialTicketVista', 'GET', NULL, '[]'),
	(598, '2019-04-30 10:43:53', 1, NULL, 'ReporteHistorialTicketVista', 'App\\Http\\Controllers\\ReporteController@ReporteHistorialTicketVista', 'GET', NULL, '[]'),
	(599, '2019-04-30 10:47:46', 1, NULL, 'Dashboard', 'App\\Http\\Controllers\\HomeController@DashboardVista', 'GET', NULL, '[]'),
	(600, '2019-04-30 10:54:48', 1, NULL, 'ReporteHistorialTicketVista', 'App\\Http\\Controllers\\ReporteController@ReporteHistorialTicketVista', 'GET', NULL, '[]'),
	(601, '2019-04-30 10:58:51', 1, NULL, 'VentanaCaja2', 'App\\Http\\Controllers\\VentaController@IndexNuevo', 'GET', NULL, '[]'),
	(602, '2019-04-30 10:59:10', 1, NULL, 'ReporteHistorialTicketVista', 'App\\Http\\Controllers\\ReporteController@ReporteHistorialTicketVista', 'GET', NULL, '[]'),
	(603, '2019-04-30 11:01:48', 1, NULL, 'ReporteHistorialTicketVista', 'App\\Http\\Controllers\\ReporteController@ReporteHistorialTicketVista', 'GET', NULL, '[]'),
	(604, '2019-04-30 11:03:33', 1, NULL, 'ReporteHistorialTicketVista', 'App\\Http\\Controllers\\ReporteController@ReporteHistorialTicketVista', 'GET', NULL, '[]'),
	(605, '2019-04-30 11:04:02', 1, NULL, 'ReporteHistorialTicketVista', 'App\\Http\\Controllers\\ReporteController@ReporteHistorialTicketVista', 'GET', NULL, '[]'),
	(606, '2019-04-30 11:05:28', 1, NULL, 'ReporteHistorialTicketVista', 'App\\Http\\Controllers\\ReporteController@ReporteHistorialTicketVista', 'GET', NULL, '[]'),
	(607, '2019-04-30 11:06:02', 1, NULL, 'ReporteHistorialTicketVista', 'App\\Http\\Controllers\\ReporteController@ReporteHistorialTicketVista', 'GET', NULL, '[]'),
	(608, '2019-04-30 11:07:18', 1, NULL, 'Dashboard', 'App\\Http\\Controllers\\HomeController@DashboardVista', 'GET', NULL, '[]'),
	(609, '2019-04-30 11:08:06', 1, NULL, 'ReporteHistorialTicketVista', 'App\\Http\\Controllers\\ReporteController@ReporteHistorialTicketVista', 'GET', NULL, '[]'),
	(610, '2019-04-30 11:11:23', 1, NULL, 'ReporteHistorialEventosVista', 'App\\Http\\Controllers\\ReporteController@ReporteVentaJuegoVista', 'GET', NULL, '[]'),
	(611, '2019-04-30 11:11:32', 1, NULL, 'ReporteVentasEventosVista', 'App\\Http\\Controllers\\ReporteController@ReporteVentaVista', 'GET', NULL, '[]'),
	(612, '2019-04-30 11:11:46', 1, NULL, 'ReportedeVentasVista', 'App\\Http\\Controllers\\ReporteController@ReporteApuestaVista', 'GET', NULL, '[]'),
	(613, '2019-04-30 11:11:56', 1, NULL, 'ReporteDetalleApuestaEventoVista', 'App\\Http\\Controllers\\ReporteController@ReporteHistorialGanadoresVista', 'GET', NULL, '[]'),
	(614, '2019-04-30 11:29:29', 1, NULL, 'ReporteAlertasVista', 'App\\Http\\Controllers\\ReporteController@ReporteAlertasVista', 'GET', NULL, '[]'),
	(615, '2019-04-30 11:29:44', 1, NULL, 'ReporteAlertasVista', 'App\\Http\\Controllers\\ReporteController@ReporteAlertasVista', 'GET', NULL, '[]'),
	(616, '2019-04-30 11:30:00', 1, NULL, 'Dashboard', 'App\\Http\\Controllers\\HomeController@DashboardVista', 'GET', NULL, '[]'),
	(617, '2019-04-30 12:46:20', 1, NULL, 'Dashboard', 'App\\Http\\Controllers\\HomeController@DashboardVista', 'GET', NULL, '[]'),
	(618, '2019-04-30 12:46:44', 1, NULL, 'Dashboard', 'App\\Http\\Controllers\\HomeController@DashboardVista', 'GET', NULL, '[]'),
	(619, '2019-04-30 12:47:09', 1, NULL, 'Dashboard', 'App\\Http\\Controllers\\HomeController@DashboardVista', 'GET', NULL, '[]'),
	(620, '2019-04-30 13:31:56', 1, NULL, 'Dashboard', 'App\\Http\\Controllers\\HomeController@DashboardVista', 'GET', NULL, '[]'),
	(621, '2019-04-30 13:32:01', 1, NULL, 'Dashboard', 'App\\Http\\Controllers\\HomeController@DashboardVista', 'GET', NULL, '[]'),
	(622, '2019-04-30 13:32:35', 1, NULL, 'Dashboard', 'App\\Http\\Controllers\\HomeController@DashboardVista', 'GET', NULL, '[]'),
	(623, '2019-04-30 13:32:49', 1, NULL, 'Dashboard', 'App\\Http\\Controllers\\HomeController@DashboardVista', 'GET', NULL, '[]'),
	(624, '2019-04-30 13:32:56', 1, NULL, 'ReporteAlertasVista', 'App\\Http\\Controllers\\ReporteController@ReporteAlertasVista', 'GET', NULL, '[]'),
	(625, '2019-04-30 14:10:14', 1, NULL, 'UsuarioPuntoVenta', 'App\\Http\\Controllers\\UsuarioPuntoVentaController@UsuarioPuntoVentaListarVista', 'GET', NULL, '[]'),
	(626, '2019-04-30 14:10:35', 1, NULL, 'UsuarioPuntoVentaEditar/{idUsuarioPuntoVenta}', 'App\\Http\\Controllers\\UsuarioPuntoVentaController@UsuarioPuntoVentaEditarVista', 'GET', NULL, '[]'),
	(627, '2019-04-30 14:10:59', 1, NULL, 'UsuarioPuntoVenta', 'App\\Http\\Controllers\\UsuarioPuntoVentaController@UsuarioPuntoVentaListarVista', 'GET', NULL, '[]'),
	(628, '2019-04-30 14:11:06', 1, NULL, 'UsuarioPuntoVentaEditar/{idUsuarioPuntoVenta}', 'App\\Http\\Controllers\\UsuarioPuntoVentaController@UsuarioPuntoVentaEditarVista', 'GET', NULL, '[]'),
	(629, '2019-04-30 14:23:58', 1, NULL, 'UsuarioPuntoVenta', 'App\\Http\\Controllers\\UsuarioPuntoVentaController@UsuarioPuntoVentaListarVista', 'GET', NULL, '[]'),
	(630, '2019-04-30 15:05:47', 1, NULL, 'Dashboard', 'App\\Http\\Controllers\\HomeController@DashboardVista', 'GET', NULL, '[]'),
	(631, '2019-05-02 08:26:25', 1, NULL, 'Dashboard', 'App\\Http\\Controllers\\HomeController@DashboardVista', 'GET', NULL, '[]'),
	(632, '2019-05-02 08:29:57', 1, NULL, 'PuntoVentaListar', 'App\\Http\\Controllers\\PuntoVentaController@PuntoVentaListarVista', 'GET', NULL, '[]'),
	(633, '2019-05-02 08:31:11', 1, NULL, 'PuntoVentaEditar/{idPuntoVenta}', 'App\\Http\\Controllers\\PuntoVentaController@PuntoVentaEditarVista', 'GET', NULL, '[]'),
	(634, '2019-05-02 08:31:19', 1, NULL, 'PuntoVentaEditar/{idPuntoVenta}', 'App\\Http\\Controllers\\PuntoVentaController@PuntoVentaEditarVista', 'GET', NULL, '[]'),
	(635, '2019-05-02 08:35:48', 1, NULL, 'PuntoVentaListar', 'App\\Http\\Controllers\\PuntoVentaController@PuntoVentaListarVista', 'GET', NULL, '[]'),
	(636, '2019-05-02 08:40:02', 1, NULL, 'PuntoVentaListar', 'App\\Http\\Controllers\\PuntoVentaController@PuntoVentaListarVista', 'GET', NULL, '[]'),
	(637, '2019-05-02 08:40:09', 1, NULL, 'PuntoVentaListar', 'App\\Http\\Controllers\\PuntoVentaController@PuntoVentaListarVista', 'GET', NULL, '[]'),
	(638, '2019-05-02 08:40:27', 1, NULL, 'PuntoVentaListar', 'App\\Http\\Controllers\\PuntoVentaController@PuntoVentaListarVista', 'GET', NULL, '[]'),
	(639, '2019-05-02 08:40:28', 1, NULL, 'PuntoVentaListar', 'App\\Http\\Controllers\\PuntoVentaController@PuntoVentaListarVista', 'GET', NULL, '[]'),
	(640, '2019-05-02 08:40:28', 1, NULL, 'PuntoVentaListar', 'App\\Http\\Controllers\\PuntoVentaController@PuntoVentaListarVista', 'GET', NULL, '[]'),
	(641, '2019-05-02 08:41:12', 1, NULL, 'PuntoVentaListar', 'App\\Http\\Controllers\\PuntoVentaController@PuntoVentaListarVista', 'GET', NULL, '[]'),
	(642, '2019-05-02 08:44:45', 1, NULL, 'PuntoVentaListar', 'App\\Http\\Controllers\\PuntoVentaController@PuntoVentaListarVista', 'GET', NULL, '[]'),
	(643, '2019-05-02 08:47:33', 1, NULL, 'PuntoVentaListar', 'App\\Http\\Controllers\\PuntoVentaController@PuntoVentaListarVista', 'GET', NULL, '[]'),
	(644, '2019-05-02 08:47:37', 1, NULL, 'PuntoVentaEditar/{idPuntoVenta}', 'App\\Http\\Controllers\\PuntoVentaController@PuntoVentaEditarVista', 'GET', NULL, '[]'),
	(645, '2019-05-02 08:49:31', 1, NULL, 'PuntoVentaEditar/{idPuntoVenta}', 'App\\Http\\Controllers\\PuntoVentaController@PuntoVentaEditarVista', 'GET', NULL, '[]'),
	(646, '2019-05-02 08:50:52', 1, NULL, 'PuntoVentaEditar/{idPuntoVenta}', 'App\\Http\\Controllers\\PuntoVentaController@PuntoVentaEditarVista', 'GET', NULL, '[]'),
	(647, '2019-05-02 08:53:13', 1, NULL, 'PuntoVentaEditar/{idPuntoVenta}', 'App\\Http\\Controllers\\PuntoVentaController@PuntoVentaEditarVista', 'GET', NULL, '[]'),
	(648, '2019-05-02 08:53:26', 1, NULL, 'PuntoVentaListar', 'App\\Http\\Controllers\\PuntoVentaController@PuntoVentaListarVista', 'GET', NULL, '[]'),
	(649, '2019-05-02 08:53:42', 1, NULL, 'PuntoVentaEditar/{idPuntoVenta}', 'App\\Http\\Controllers\\PuntoVentaController@PuntoVentaEditarVista', 'GET', NULL, '[]'),
	(650, '2019-05-02 08:59:54', 1, NULL, 'PuntoVentaListar', 'App\\Http\\Controllers\\PuntoVentaController@PuntoVentaListarVista', 'GET', NULL, '[]'),
	(651, '2019-05-02 09:00:54', 1, NULL, 'Dashboard', 'App\\Http\\Controllers\\HomeController@DashboardVista', 'GET', NULL, '[]'),
	(652, '2019-05-02 09:00:58', 1, NULL, 'PuntoVentaEditar/{idPuntoVenta}', 'App\\Http\\Controllers\\PuntoVentaController@PuntoVentaEditarVista', 'GET', NULL, '[]'),
	(653, '2019-05-02 09:01:02', 1, NULL, 'PuntoVentaListar', 'App\\Http\\Controllers\\PuntoVentaController@PuntoVentaListarVista', 'GET', NULL, '[]'),
	(654, '2019-05-02 09:03:18', 1, NULL, 'PuntoVentaListar', 'App\\Http\\Controllers\\PuntoVentaController@PuntoVentaListarVista', 'GET', NULL, '[]'),
	(655, '2019-05-02 09:12:43', 1, NULL, 'PuntoVentaEditar/{idPuntoVenta}', 'App\\Http\\Controllers\\PuntoVentaController@PuntoVentaEditarVista', 'GET', NULL, '[]'),
	(656, '2019-05-02 09:14:12', 1, NULL, 'PuntoVentaEditar/{idPuntoVenta}', 'App\\Http\\Controllers\\PuntoVentaController@PuntoVentaEditarVista', 'GET', NULL, '[]'),
	(657, '2019-05-02 09:14:22', 1, NULL, 'PuntoVentaEditar/{idPuntoVenta}', 'App\\Http\\Controllers\\PuntoVentaController@PuntoVentaEditarVista', 'GET', NULL, '[]'),
	(658, '2019-05-02 09:17:18', 1, NULL, 'PuntoVentaListar', 'App\\Http\\Controllers\\PuntoVentaController@PuntoVentaListarVista', 'GET', NULL, '[]'),
	(659, '2019-05-02 09:25:31', 1, NULL, 'Dashboard', 'App\\Http\\Controllers\\HomeController@DashboardVista', 'GET', NULL, '[]'),
	(660, '2019-05-02 09:25:36', 1, NULL, 'PuntoVentaListar', 'App\\Http\\Controllers\\PuntoVentaController@PuntoVentaListarVista', 'GET', NULL, '[]'),
	(661, '2019-05-02 09:25:46', 1, NULL, 'Dashboard', 'App\\Http\\Controllers\\HomeController@DashboardVista', 'GET', NULL, '[]'),
	(662, '2019-05-02 09:25:54', 1, NULL, 'PuntoVentaListar', 'App\\Http\\Controllers\\PuntoVentaController@PuntoVentaListarVista', 'GET', NULL, '[]'),
	(663, '2019-05-02 09:26:45', 1, NULL, 'Dashboard', 'App\\Http\\Controllers\\HomeController@DashboardVista', 'GET', NULL, '[]'),
	(664, '2019-05-02 09:31:10', 1, NULL, 'Dashboard', 'App\\Http\\Controllers\\HomeController@DashboardVista', 'GET', NULL, '[]'),
	(665, '2019-05-02 09:35:36', 1, NULL, 'Dashboard', 'App\\Http\\Controllers\\HomeController@DashboardVista', 'GET', NULL, '[]'),
	(666, '2019-05-02 09:40:35', 1, NULL, 'PuntoVentaListar', 'App\\Http\\Controllers\\PuntoVentaController@PuntoVentaListarVista', 'GET', NULL, '[]'),
	(667, '2019-05-02 09:43:03', 1, NULL, 'PuntoVentaListar', 'App\\Http\\Controllers\\PuntoVentaController@PuntoVentaListarVista', 'GET', NULL, '[]'),
	(668, '2019-05-02 09:43:09', 1, NULL, 'PuntoVentaListar', 'App\\Http\\Controllers\\PuntoVentaController@PuntoVentaListarVista', 'GET', NULL, '[]'),
	(669, '2019-05-02 09:43:24', 1, NULL, 'PuntoVentaListar', 'App\\Http\\Controllers\\PuntoVentaController@PuntoVentaListarVista', 'GET', NULL, '[]'),
	(670, '2019-05-02 09:46:55', 1, NULL, 'PuntoVentaListar', 'App\\Http\\Controllers\\PuntoVentaController@PuntoVentaListarVista', 'GET', NULL, '[]'),
	(671, '2019-05-02 09:46:58', 1, NULL, 'Dashboard', 'App\\Http\\Controllers\\HomeController@DashboardVista', 'GET', NULL, '[]'),
	(672, '2019-05-02 10:12:28', 1, NULL, 'Dashboard', 'App\\Http\\Controllers\\HomeController@DashboardVista', 'GET', NULL, '[]'),
	(673, '2019-05-02 10:13:40', 1, NULL, 'Dashboard', 'App\\Http\\Controllers\\HomeController@DashboardVista', 'GET', NULL, '[]'),
	(674, '2019-05-02 10:23:49', 1, NULL, 'PuntoVentaListar', 'App\\Http\\Controllers\\PuntoVentaController@PuntoVentaListarVista', 'GET', NULL, '[]'),
	(675, '2019-05-02 10:24:50', 1, NULL, 'Dashboard', 'App\\Http\\Controllers\\HomeController@DashboardVista', 'GET', NULL, '[]'),
	(676, '2019-05-02 10:24:54', 1, NULL, 'UsuarioPuntoVenta', 'App\\Http\\Controllers\\UsuarioPuntoVentaController@UsuarioPuntoVentaListarVista', 'GET', NULL, '[]'),
	(677, '2019-05-02 10:24:58', 1, NULL, 'UsuarioPuntoVentaEditar/{idUsuarioPuntoVenta}', 'App\\Http\\Controllers\\UsuarioPuntoVentaController@UsuarioPuntoVentaEditarVista', 'GET', NULL, '[]'),
	(678, '2019-05-02 10:25:07', 1, NULL, 'PuntoVentaListar', 'App\\Http\\Controllers\\PuntoVentaController@PuntoVentaListarVista', 'GET', NULL, '[]'),
	(679, '2019-05-02 10:25:27', 1, NULL, 'Dashboard', 'App\\Http\\Controllers\\HomeController@DashboardVista', 'GET', NULL, '[]'),
	(680, '2019-05-02 10:26:45', 1, NULL, 'PuntoVentaListar', 'App\\Http\\Controllers\\PuntoVentaController@PuntoVentaListarVista', 'GET', NULL, '[]'),
	(681, '2019-05-02 10:27:10', 1, NULL, 'PuntoVentaListar', 'App\\Http\\Controllers\\PuntoVentaController@PuntoVentaListarVista', 'GET', NULL, '[]'),
	(682, '2019-05-02 10:28:15', 1, NULL, 'PuntoVentaListar', 'App\\Http\\Controllers\\PuntoVentaController@PuntoVentaListarVista', 'GET', NULL, '[]'),
	(683, '2019-05-02 10:59:13', 1, NULL, 'PuntoVentaListar', 'App\\Http\\Controllers\\PuntoVentaController@PuntoVentaListarVista', 'GET', NULL, '[]'),
	(684, '2019-05-02 11:00:44', 1, NULL, 'PuntoVentaListar', 'App\\Http\\Controllers\\PuntoVentaController@PuntoVentaListarVista', 'GET', NULL, '[]'),
	(685, '2019-05-02 11:00:46', 1, NULL, 'Dashboard', 'App\\Http\\Controllers\\HomeController@DashboardVista', 'GET', NULL, '[]'),
	(686, '2019-05-02 11:00:58', 1, NULL, 'PuntoVentaListar', 'App\\Http\\Controllers\\PuntoVentaController@PuntoVentaListarVista', 'GET', NULL, '[]'),
	(687, '2019-05-02 11:01:15', 1, NULL, 'Dashboard', 'App\\Http\\Controllers\\HomeController@DashboardVista', 'GET', NULL, '[]'),
	(688, '2019-05-02 11:01:20', 1, NULL, 'UsuarioPuntoVenta', 'App\\Http\\Controllers\\UsuarioPuntoVentaController@UsuarioPuntoVentaListarVista', 'GET', NULL, '[]'),
	(689, '2019-05-02 11:01:24', 1, NULL, 'UsuarioPuntoVentaEditar/{idUsuarioPuntoVenta}', 'App\\Http\\Controllers\\UsuarioPuntoVentaController@UsuarioPuntoVentaEditarVista', 'GET', NULL, '[]'),
	(690, '2019-05-02 11:01:37', 1, NULL, 'AperturaCajaListar', 'App\\Http\\Controllers\\AperturaCajaController@AperturaCajaListarVista', 'GET', NULL, '[]'),
	(691, '2019-05-02 11:01:40', 1, NULL, 'PuntoVentaListar', 'App\\Http\\Controllers\\PuntoVentaController@PuntoVentaListarVista', 'GET', NULL, '[]'),
	(692, '2019-05-02 11:04:18', 1, NULL, 'PuntoVentaListar', 'App\\Http\\Controllers\\PuntoVentaController@PuntoVentaListarVista', 'GET', NULL, '[]'),
	(693, '2019-05-02 11:05:17', 1, NULL, 'PuntoVentaListar', 'App\\Http\\Controllers\\PuntoVentaController@PuntoVentaListarVista', 'GET', NULL, '[]'),
	(694, '2019-05-02 11:07:36', 1, NULL, 'PuntoVentaListar', 'App\\Http\\Controllers\\PuntoVentaController@PuntoVentaListarVista', 'GET', NULL, '[]'),
	(695, '2019-05-02 11:07:43', 1, NULL, 'PuntoVentaEditar/{idPuntoVenta}', 'App\\Http\\Controllers\\PuntoVentaController@PuntoVentaEditarVista', 'GET', NULL, '[]'),
	(696, '2019-05-02 11:10:41', 1, NULL, 'PuntoVentaEditar/{idPuntoVenta}', 'App\\Http\\Controllers\\PuntoVentaController@PuntoVentaEditarVista', 'GET', NULL, '[]'),
	(697, '2019-05-02 11:10:50', 1, NULL, 'PuntoVentaEditar/{idPuntoVenta}', 'App\\Http\\Controllers\\PuntoVentaController@PuntoVentaEditarVista', 'GET', NULL, '[]'),
	(698, '2019-05-02 11:11:58', 1, NULL, 'PuntoVentaEditar/{idPuntoVenta}', 'App\\Http\\Controllers\\PuntoVentaController@PuntoVentaEditarVista', 'GET', NULL, '[]'),
	(699, '2019-05-02 11:12:31', 1, NULL, 'PuntoVentaEditar/{idPuntoVenta}', 'App\\Http\\Controllers\\PuntoVentaController@PuntoVentaEditarVista', 'GET', NULL, '[]'),
	(700, '2019-05-02 11:12:39', 1, NULL, 'PuntoVentaEditar/{idPuntoVenta}', 'App\\Http\\Controllers\\PuntoVentaController@PuntoVentaEditarVista', 'GET', NULL, '[]'),
	(701, '2019-05-02 11:17:48', 1, NULL, 'PuntoVentaEditar/{idPuntoVenta}', 'App\\Http\\Controllers\\PuntoVentaController@PuntoVentaEditarVista', 'GET', NULL, '[]'),
	(702, '2019-05-02 11:17:57', 1, NULL, 'PuntoVentaListar', 'App\\Http\\Controllers\\PuntoVentaController@PuntoVentaListarVista', 'GET', NULL, '[]'),
	(703, '2019-05-02 11:18:02', 1, NULL, 'PuntoVentaEditar/{idPuntoVenta}', 'App\\Http\\Controllers\\PuntoVentaController@PuntoVentaEditarVista', 'GET', NULL, '[]'),
	(704, '2019-05-02 11:18:25', 1, NULL, 'PuntoVentaListar', 'App\\Http\\Controllers\\PuntoVentaController@PuntoVentaListarVista', 'GET', NULL, '[]'),
	(705, '2019-05-02 11:20:14', 1, NULL, 'Dashboard', 'App\\Http\\Controllers\\HomeController@DashboardVista', 'GET', NULL, '[]'),
	(706, '2019-05-02 11:20:33', 1, NULL, 'PuntoVentaListar', 'App\\Http\\Controllers\\PuntoVentaController@PuntoVentaListarVista', 'GET', NULL, '[]'),
	(707, '2019-05-02 11:23:47', 1, NULL, 'PuntoVentaListar', 'App\\Http\\Controllers\\PuntoVentaController@PuntoVentaListarVista', 'GET', NULL, '[]'),
	(708, '2019-05-02 11:34:36', 1, NULL, 'PuntoVentaListar', 'App\\Http\\Controllers\\PuntoVentaController@PuntoVentaListarVista', 'GET', NULL, '[]'),
	(709, '2019-05-02 11:34:44', 1, NULL, 'Dashboard', 'App\\Http\\Controllers\\HomeController@DashboardVista', 'GET', NULL, '[]'),
	(710, '2019-05-02 11:34:47', 1, NULL, 'PuntoVentaListar', 'App\\Http\\Controllers\\PuntoVentaController@PuntoVentaListarVista', 'GET', NULL, '[]'),
	(711, '2019-05-02 11:51:07', 1, NULL, 'PuntoVentaListar', 'App\\Http\\Controllers\\PuntoVentaController@PuntoVentaListarVista', 'GET', NULL, '[]'),
	(712, '2019-05-02 11:56:23', 1, NULL, 'PuntoVentaListar', 'App\\Http\\Controllers\\PuntoVentaController@PuntoVentaListarVista', 'GET', NULL, '[]'),
	(713, '2019-05-02 11:56:39', 1, NULL, 'PuntoVentaListar', 'App\\Http\\Controllers\\PuntoVentaController@PuntoVentaListarVista', 'GET', NULL, '[]'),
	(714, '2019-05-02 12:01:14', 1, NULL, 'PuntoVentaEditar/{idPuntoVenta}', 'App\\Http\\Controllers\\PuntoVentaController@PuntoVentaEditarVista', 'GET', NULL, '[]'),
	(715, '2019-05-02 12:01:21', 1, NULL, 'PuntoVentaListar', 'App\\Http\\Controllers\\PuntoVentaController@PuntoVentaListarVista', 'GET', NULL, '[]'),
	(716, '2019-05-02 12:01:27', 1, NULL, 'PuntoVentaEditar/{idPuntoVenta}', 'App\\Http\\Controllers\\PuntoVentaController@PuntoVentaEditarVista', 'GET', NULL, '[]'),
	(717, '2019-05-02 12:01:58', 1, NULL, 'PuntoVentaEditar/{idPuntoVenta}', 'App\\Http\\Controllers\\PuntoVentaController@PuntoVentaEditarVista', 'GET', NULL, '[]'),
	(718, '2019-05-02 12:04:00', 1, NULL, 'PuntoVentaEditarJson', 'App\\Http\\Controllers\\PuntoVentaController@PuntoVentaEditarJson', 'POST', NULL, '{"_token":"ybuBZeywxqcAzkYBPasOJGAYaVRg9S1qfguSgI79","idPuntoVenta":"2","idEmpresa":"1","idUbigeo":"1247","nombre":"El Golf","cc_id":"4708"}'),
	(719, '2019-05-02 12:04:01', 1, NULL, 'PuntoVentaListar', 'App\\Http\\Controllers\\PuntoVentaController@PuntoVentaListarVista', 'GET', NULL, '[]'),
	(720, '2019-05-02 12:04:09', 1, NULL, 'PuntoVentaEditar/{idPuntoVenta}', 'App\\Http\\Controllers\\PuntoVentaController@PuntoVentaEditarVista', 'GET', NULL, '[]'),
	(721, '2019-05-02 12:27:34', 1, NULL, 'PuntoVentaListar', 'App\\Http\\Controllers\\PuntoVentaController@PuntoVentaListarVista', 'GET', NULL, '[]'),
	(722, '2019-05-02 12:27:42', 1, NULL, 'Dashboard', 'App\\Http\\Controllers\\HomeController@DashboardVista', 'GET', NULL, '[]'),
	(723, '2019-05-02 12:27:50', 1, NULL, 'PuntoVentaListar', 'App\\Http\\Controllers\\PuntoVentaController@PuntoVentaListarVista', 'GET', NULL, '[]'),
	(724, '2019-05-02 12:58:19', 1, NULL, 'Dashboard', 'App\\Http\\Controllers\\HomeController@DashboardVista', 'GET', NULL, '[]'),
	(725, '2019-05-02 12:59:56', 1, NULL, 'Dashboard', 'App\\Http\\Controllers\\HomeController@DashboardVista', 'GET', NULL, '[]'),
	(726, '2019-05-02 13:00:19', 1, NULL, 'TipoAlertaVista', 'App\\Http\\Controllers\\SeguridadController@TipoAlertaVista', 'GET', NULL, '[]'),
	(727, '2019-05-02 13:00:35', 1, NULL, 'TipoAlertaVista', 'App\\Http\\Controllers\\SeguridadController@TipoAlertaVista', 'GET', NULL, '[]'),
	(728, '2019-05-02 13:01:05', 1, NULL, 'TipoAlertaVista', 'App\\Http\\Controllers\\SeguridadController@TipoAlertaVista', 'GET', NULL, '[]'),
	(729, '2019-05-02 13:01:42', 1, NULL, 'TipoAlertaVista', 'App\\Http\\Controllers\\SeguridadController@TipoAlertaVista', 'GET', NULL, '[]'),
	(730, '2019-05-02 13:02:00', 1, NULL, 'TipoAlertaVista', 'App\\Http\\Controllers\\SeguridadController@TipoAlertaVista', 'GET', NULL, '[]'),
	(731, '2019-05-02 13:02:12', 1, NULL, 'TipoAlertaVista', 'App\\Http\\Controllers\\SeguridadController@TipoAlertaVista', 'GET', NULL, '[]'),
	(732, '2019-05-02 13:03:16', 1, NULL, 'Dashboard', 'App\\Http\\Controllers\\HomeController@DashboardVista', 'GET', NULL, '[]'),
	(733, '2019-05-02 13:03:18', 1, NULL, 'TipoAlertaVista', 'App\\Http\\Controllers\\SeguridadController@TipoAlertaVista', 'GET', NULL, '[]'),
	(734, '2019-05-02 13:03:53', 1, NULL, 'TipoAlertaVista', 'App\\Http\\Controllers\\SeguridadController@TipoAlertaVista', 'GET', NULL, '[]'),
	(735, '2019-05-02 13:04:31', 1, NULL, 'TipoAlertaVista', 'App\\Http\\Controllers\\SeguridadController@TipoAlertaVista', 'GET', NULL, '[]'),
	(736, '2019-05-02 13:04:42', 1, NULL, 'TipoAlertaVista', 'App\\Http\\Controllers\\SeguridadController@TipoAlertaVista', 'GET', NULL, '[]'),
	(737, '2019-05-02 13:14:22', 1, NULL, 'TipoAlertaVista', 'App\\Http\\Controllers\\SeguridadController@TipoAlertaVista', 'GET', NULL, '[]'),
	(738, '2019-05-02 14:05:07', 1, NULL, 'TipoAlertaVista', 'App\\Http\\Controllers\\SeguridadController@TipoAlertaVista', 'GET', NULL, '[]'),
	(739, '2019-05-02 14:05:49', 1, NULL, 'TipoAlertaVista', 'App\\Http\\Controllers\\SeguridadController@TipoAlertaVista', 'GET', NULL, '[]'),
	(740, '2019-05-02 14:06:09', 1, NULL, 'TipoAlertaVista', 'App\\Http\\Controllers\\SeguridadController@TipoAlertaVista', 'GET', NULL, '[]'),
	(741, '2019-05-02 14:06:24', 1, NULL, 'Dashboard', 'App\\Http\\Controllers\\HomeController@DashboardVista', 'GET', NULL, '[]'),
	(742, '2019-05-02 14:07:09', 1, NULL, 'TipoAlertaVista', 'App\\Http\\Controllers\\SeguridadController@TipoAlertaVista', 'GET', NULL, '[]'),
	(743, '2019-05-02 14:07:13', 1, NULL, 'TipoAlertaPuntoVenta/{id}', 'App\\Http\\Controllers\\SeguridadController@TipoAlertaPuntoVentaVista', 'GET', NULL, '[]'),
	(744, '2019-05-02 14:08:29', 1, NULL, 'TipoAlertaPuntoVenta/{id}', 'App\\Http\\Controllers\\SeguridadController@TipoAlertaPuntoVentaVista', 'GET', NULL, '[]'),
	(745, '2019-05-02 14:12:18', 1, NULL, 'TipoAlertaPuntoVenta/{id}', 'App\\Http\\Controllers\\SeguridadController@TipoAlertaPuntoVentaVista', 'GET', NULL, '[]'),
	(746, '2019-05-02 14:16:30', 1, NULL, 'TipoAlertaPuntoVenta/{id}', 'App\\Http\\Controllers\\SeguridadController@TipoAlertaPuntoVentaVista', 'GET', NULL, '[]'),
	(747, '2019-05-02 14:48:17', 1, NULL, 'TipoAlertaPuntoVenta/{id}', 'App\\Http\\Controllers\\SeguridadController@TipoAlertaPuntoVentaVista', 'GET', NULL, '[]'),
	(748, '2019-05-02 14:48:26', 1, NULL, 'TipoAlertaPuntoVenta/{id}', 'App\\Http\\Controllers\\SeguridadController@TipoAlertaPuntoVentaVista', 'GET', NULL, '[]'),
	(749, '2019-05-02 14:49:11', 1, NULL, 'TipoAlertaPuntoVenta/{id}', 'App\\Http\\Controllers\\SeguridadController@TipoAlertaPuntoVentaVista', 'GET', NULL, '[]'),
	(750, '2019-05-02 14:50:37', 1, NULL, 'TipoAlertaPuntoVenta/{id}', 'App\\Http\\Controllers\\SeguridadController@TipoAlertaPuntoVentaVista', 'GET', NULL, '[]'),
	(751, '2019-05-02 14:52:04', 1, NULL, 'TipoAlertaPuntoVenta/{id}', 'App\\Http\\Controllers\\SeguridadController@TipoAlertaPuntoVentaVista', 'GET', NULL, '[]'),
	(752, '2019-05-02 14:53:22', 1, NULL, 'TipoAlertaPuntoVenta/{id}', 'App\\Http\\Controllers\\SeguridadController@TipoAlertaPuntoVentaVista', 'GET', NULL, '[]'),
	(753, '2019-05-02 15:05:24', 1, NULL, 'TipoAlertaPuntoVenta/{id}', 'App\\Http\\Controllers\\SeguridadController@TipoAlertaPuntoVentaVista', 'GET', NULL, '[]'),
	(754, '2019-05-02 15:05:53', 1, NULL, 'TipoAlertaPuntoVenta/{id}', 'App\\Http\\Controllers\\SeguridadController@TipoAlertaPuntoVentaVista', 'GET', NULL, '[]'),
	(755, '2019-05-02 15:06:27', 1, NULL, 'TipoAlertaPuntoVenta/{id}', 'App\\Http\\Controllers\\SeguridadController@TipoAlertaPuntoVentaVista', 'GET', NULL, '[]'),
	(756, '2019-05-02 15:07:37', 1, NULL, 'UsuarioPuntoVenta', 'App\\Http\\Controllers\\UsuarioPuntoVentaController@UsuarioPuntoVentaListarVista', 'GET', NULL, '[]'),
	(757, '2019-05-02 15:07:40', 1, NULL, 'UsuarioPuntoVentaEditar/{idUsuarioPuntoVenta}', 'App\\Http\\Controllers\\UsuarioPuntoVentaController@UsuarioPuntoVentaEditarVista', 'GET', NULL, '[]'),
	(758, '2019-05-02 15:08:19', 1, NULL, 'TipoAlertaPuntoVenta/{id}', 'App\\Http\\Controllers\\SeguridadController@TipoAlertaPuntoVentaVista', 'GET', NULL, '[]'),
	(759, '2019-05-02 15:26:38', 1, NULL, 'UsuarioPuntoVentaEditar/{idUsuarioPuntoVenta}', 'App\\Http\\Controllers\\UsuarioPuntoVentaController@UsuarioPuntoVentaEditarVista', 'GET', NULL, '[]'),
	(760, '2019-05-02 16:05:09', 1, NULL, 'UsuarioPuntoVentaEditar/{idUsuarioPuntoVenta}', 'App\\Http\\Controllers\\UsuarioPuntoVentaController@UsuarioPuntoVentaEditarVista', 'GET', NULL, '[]'),
	(761, '2019-05-02 16:06:09', 1, NULL, 'UsuarioPuntoVentaEditar/{idUsuarioPuntoVenta}', 'App\\Http\\Controllers\\UsuarioPuntoVentaController@UsuarioPuntoVentaEditarVista', 'GET', NULL, '[]'),
	(762, '2019-05-02 16:09:54', 1, NULL, 'Dashboard', 'App\\Http\\Controllers\\HomeController@DashboardVista', 'GET', NULL, '[]'),
	(763, '2019-05-02 16:17:59', 1, NULL, 'PuntoVentaListar', 'App\\Http\\Controllers\\PuntoVentaController@PuntoVentaListarVista', 'GET', NULL, '[]'),
	(764, '2019-05-02 16:18:07', 1, NULL, 'PuntoVentaListar', 'App\\Http\\Controllers\\PuntoVentaController@PuntoVentaListarVista', 'GET', NULL, '[]'),
	(765, '2019-05-02 16:41:15', 1, NULL, 'TipoAlertaPuntoVenta/{id}', 'App\\Http\\Controllers\\SeguridadController@TipoAlertaPuntoVentaVista', 'GET', NULL, '[]'),
	(766, '2019-05-02 17:30:24', 1, NULL, 'Dashboard', 'App\\Http\\Controllers\\HomeController@DashboardVista', 'GET', NULL, '[]'),
	(767, '2019-05-02 17:30:32', 1, NULL, 'TipoAlertaPuntoVenta/{id}', 'App\\Http\\Controllers\\SeguridadController@TipoAlertaPuntoVentaVista', 'GET', NULL, '[]'),
	(768, '2019-05-02 17:40:15', 1, NULL, 'TipoAlertaPuntoVenta/{id}', 'App\\Http\\Controllers\\SeguridadController@TipoAlertaPuntoVentaVista', 'GET', NULL, '[]'),
	(769, '2019-05-02 17:40:40', 1, NULL, 'TipoAlertaPuntoVenta/{id}', 'App\\Http\\Controllers\\SeguridadController@TipoAlertaPuntoVentaVista', 'GET', NULL, '[]'),
	(770, '2019-05-02 17:41:04', 1, NULL, 'TipoAlertaPuntoVenta/{id}', 'App\\Http\\Controllers\\SeguridadController@TipoAlertaPuntoVentaVista', 'GET', NULL, '[]'),
	(771, '2019-05-02 17:41:33', 1, NULL, 'TipoAlertaPuntoVenta/{id}', 'App\\Http\\Controllers\\SeguridadController@TipoAlertaPuntoVentaVista', 'GET', NULL, '[]'),
	(772, '2019-05-02 17:42:46', 1, NULL, 'TipoAlertaPuntoVenta/{id}', 'App\\Http\\Controllers\\SeguridadController@TipoAlertaPuntoVentaVista', 'GET', NULL, '[]'),
	(773, '2019-05-02 17:42:47', 1, NULL, 'TipoAlertaPuntoVenta/{id}', 'App\\Http\\Controllers\\SeguridadController@TipoAlertaPuntoVentaVista', 'GET', NULL, '[]'),
	(774, '2019-05-02 17:46:20', 1, NULL, 'TipoAlertaPuntoVenta/{id}', 'App\\Http\\Controllers\\SeguridadController@TipoAlertaPuntoVentaVista', 'GET', NULL, '[]'),
	(775, '2019-05-02 17:46:35', 1, NULL, 'TipoAlertaPuntoVenta/{id}', 'App\\Http\\Controllers\\SeguridadController@TipoAlertaPuntoVentaVista', 'GET', NULL, '[]'),
	(776, '2019-05-02 17:49:46', 1, NULL, 'Dashboard', 'App\\Http\\Controllers\\HomeController@DashboardVista', 'GET', NULL, '[]'),
	(777, '2019-05-02 17:50:26', 1, NULL, 'Dashboard', 'App\\Http\\Controllers\\HomeController@DashboardVista', 'GET', NULL, '[]'),
	(778, '2019-05-02 17:50:36', 1, NULL, 'TipoAlertaVista', 'App\\Http\\Controllers\\SeguridadController@TipoAlertaVista', 'GET', NULL, '[]'),
	(779, '2019-05-02 17:50:45', 1, NULL, 'TipoAlertaPuntoVenta/{idTipoAlerta}', 'App\\Http\\Controllers\\SeguridadController@TipoAlertaPuntoVentaVista', 'GET', NULL, '[]');
/*!40000 ALTER TABLE `auditoria` ENABLE KEYS */;

-- Volcando estructura para tabla bd_s3k_tombolacuy_local.caja
CREATE TABLE IF NOT EXISTS `caja` (
  `idCaja` int(10) unsigned NOT NULL AUTO_INCREMENT,
  `idPuntoVenta` int(10) unsigned DEFAULT NULL,
  `nombre` varchar(50) COLLATE utf8mb4_unicode_ci DEFAULT NULL,
  `estado` int(11) NOT NULL,
  PRIMARY KEY (`idCaja`),
  KEY `caja_fk1` (`idPuntoVenta`),
  CONSTRAINT `caja_fk1` FOREIGN KEY (`idPuntoVenta`) REFERENCES `punto_venta` (`idPuntoVenta`)
) ENGINE=InnoDB DEFAULT CHARSET=utf8mb4 COLLATE=utf8mb4_unicode_ci;

-- Volcando datos para la tabla bd_s3k_tombolacuy_local.caja: ~0 rows (aproximadamente)
/*!40000 ALTER TABLE `caja` DISABLE KEYS */;
/*!40000 ALTER TABLE `caja` ENABLE KEYS */;

-- Volcando estructura para tabla bd_s3k_tombolacuy_local.configuracion_general
CREATE TABLE IF NOT EXISTS `configuracion_general` (
  `idConfiguracion` int(11) NOT NULL AUTO_INCREMENT,
  `HoraInicioIntervalo` time DEFAULT NULL,
  `HoraFinIntervalo` time DEFAULT NULL,
  `CobrarTicket` tinyint(4) DEFAULT NULL,
  `CuentaCorreo` varchar(100) DEFAULT NULL,
  `PasswordCorreo` varchar(100) DEFAULT NULL,
  `SMTP` varchar(100) DEFAULT NULL,
  `SSL` varchar(100) DEFAULT NULL,
  PRIMARY KEY (`idConfiguracion`)
) ENGINE=InnoDB AUTO_INCREMENT=2 DEFAULT CHARSET=latin1;

-- Volcando datos para la tabla bd_s3k_tombolacuy_local.configuracion_general: ~0 rows (aproximadamente)
/*!40000 ALTER TABLE `configuracion_general` DISABLE KEYS */;
INSERT INTO `configuracion_general` (`idConfiguracion`, `HoraInicioIntervalo`, `HoraFinIntervalo`, `CobrarTicket`, `CuentaCorreo`, `PasswordCorreo`, `SMTP`, `SSL`) VALUES
	(1, '08:00:00', '22:00:00', 1, 'Demo@gmail.com', '123123', '12', '12');
/*!40000 ALTER TABLE `configuracion_general` ENABLE KEYS */;

-- Volcando estructura para tabla bd_s3k_tombolacuy_local.configuracion_jackpot
CREATE TABLE IF NOT EXISTS `configuracion_jackpot` (
  `idConfiguracionJackpot` int(10) unsigned NOT NULL AUTO_INCREMENT,
  `nombre` varchar(50) COLLATE utf8mb4_unicode_ci DEFAULT NULL,
  `superjackpot` int(11) DEFAULT NULL,
  `estado` int(11) DEFAULT NULL,
  PRIMARY KEY (`idConfiguracionJackpot`)
) ENGINE=InnoDB DEFAULT CHARSET=utf8mb4 COLLATE=utf8mb4_unicode_ci;

-- Volcando datos para la tabla bd_s3k_tombolacuy_local.configuracion_jackpot: ~0 rows (aproximadamente)
/*!40000 ALTER TABLE `configuracion_jackpot` DISABLE KEYS */;
/*!40000 ALTER TABLE `configuracion_jackpot` ENABLE KEYS */;

-- Volcando estructura para tabla bd_s3k_tombolacuy_local.configuracion_pozo
CREATE TABLE IF NOT EXISTS `configuracion_pozo` (
  `idConfiguracionPozo` int(10) unsigned NOT NULL AUTO_INCREMENT,
  `idConfiguracionJackpot` int(10) unsigned DEFAULT NULL,
  `numeroPozo` int(11) DEFAULT NULL,
  `montoBase` decimal(18,2) DEFAULT NULL,
  `montoBaseOculto` decimal(18,2) DEFAULT NULL,
  `incrementoJackpot` decimal(18,2) DEFAULT NULL,
  `incrementoPozoOculto` decimal(18,2) DEFAULT NULL,
  `limiteInferior` decimal(18,2) DEFAULT NULL,
  `limiteSuperior` decimal(18,2) DEFAULT NULL,
  `limiteInferiorOculto` decimal(18,2) DEFAULT NULL,
  `limiteSuperiorOculto` decimal(18,2) DEFAULT NULL,
  `estado` int(11) NOT NULL,
  PRIMARY KEY (`idConfiguracionPozo`),
  KEY `configuracion_pozo_fk1` (`idConfiguracionJackpot`),
  CONSTRAINT `configuracion_pozo_fk1` FOREIGN KEY (`idConfiguracionJackpot`) REFERENCES `configuracion_jackpot` (`idConfiguracionJackpot`)
) ENGINE=InnoDB DEFAULT CHARSET=utf8mb4 COLLATE=utf8mb4_unicode_ci;

-- Volcando datos para la tabla bd_s3k_tombolacuy_local.configuracion_pozo: ~0 rows (aproximadamente)
/*!40000 ALTER TABLE `configuracion_pozo` DISABLE KEYS */;
/*!40000 ALTER TABLE `configuracion_pozo` ENABLE KEYS */;

-- Volcando estructura para tabla bd_s3k_tombolacuy_local.detalle_punto_venta_tipo_alerta
CREATE TABLE IF NOT EXISTS `detalle_punto_venta_tipo_alerta` (
  `idDetallePuntoVentaTipoAlerta` int(11) NOT NULL AUTO_INCREMENT,
  `idPuntoVentaTipoAlerta` int(11) DEFAULT NULL,
  `correoDestino` varchar(50) DEFAULT NULL,
  `estado` tinyint(1) DEFAULT NULL,
  PRIMARY KEY (`idDetallePuntoVentaTipoAlerta`),
  KEY `FK_detalle_punto_venta_tipo_alerta_punto_venta_tipo_alerta` (`idPuntoVentaTipoAlerta`),
  CONSTRAINT `FK_detalle_punto_venta_tipo_alerta_punto_venta_tipo_alerta` FOREIGN KEY (`idPuntoVentaTipoAlerta`) REFERENCES `punto_venta_tipo_alerta` (`idPuntoVentaTipoAlerta`)
) ENGINE=InnoDB DEFAULT CHARSET=latin1;

-- Volcando datos para la tabla bd_s3k_tombolacuy_local.detalle_punto_venta_tipo_alerta: ~0 rows (aproximadamente)
/*!40000 ALTER TABLE `detalle_punto_venta_tipo_alerta` DISABLE KEYS */;
/*!40000 ALTER TABLE `detalle_punto_venta_tipo_alerta` ENABLE KEYS */;

-- Volcando estructura para tabla bd_s3k_tombolacuy_local.dinero_default
CREATE TABLE IF NOT EXISTS `dinero_default` (
  `idDineroDefault` int(11) NOT NULL AUTO_INCREMENT,
  `monto` int(11) DEFAULT NULL,
  `estado` int(11) DEFAULT NULL,
  PRIMARY KEY (`idDineroDefault`)
) ENGINE=InnoDB AUTO_INCREMENT=9 DEFAULT CHARSET=latin1 PACK_KEYS=0;

-- Volcando datos para la tabla bd_s3k_tombolacuy_local.dinero_default: ~8 rows (aproximadamente)
/*!40000 ALTER TABLE `dinero_default` DISABLE KEYS */;
INSERT INTO `dinero_default` (`idDineroDefault`, `monto`, `estado`) VALUES
	(1, 1, 1),
	(2, 2, 1),
	(3, 4, 1),
	(4, 5, 1),
	(5, 10, 1),
	(6, 20, 1),
	(7, 50, 1),
	(8, 100, 1);
/*!40000 ALTER TABLE `dinero_default` ENABLE KEYS */;

-- Volcando estructura para tabla bd_s3k_tombolacuy_local.empresa
CREATE TABLE IF NOT EXISTS `empresa` (
  `idEmpresa` int(10) unsigned NOT NULL AUTO_INCREMENT,
  `razonSocial` varchar(50) COLLATE utf8mb4_unicode_ci DEFAULT NULL,
  `ruc` varchar(20) COLLATE utf8mb4_unicode_ci DEFAULT NULL,
  `direccion` varchar(50) COLLATE utf8mb4_unicode_ci DEFAULT NULL,
  `telefono` varchar(50) COLLATE utf8mb4_unicode_ci DEFAULT NULL,
  PRIMARY KEY (`idEmpresa`)
) ENGINE=InnoDB AUTO_INCREMENT=3 DEFAULT CHARSET=utf8mb4 COLLATE=utf8mb4_unicode_ci;

-- Volcando datos para la tabla bd_s3k_tombolacuy_local.empresa: ~2 rows (aproximadamente)
/*!40000 ALTER TABLE `empresa` DISABLE KEYS */;
INSERT INTO `empresa` (`idEmpresa`, `razonSocial`, `ruc`, `direccion`, `telefono`) VALUES
	(1, 'SOFTWARE30300', '3432423432444', '3232', '052-665544'),
	(2, 'Softwware 4000', '42124124221', 'Tacna', '052-241424');
/*!40000 ALTER TABLE `empresa` ENABLE KEYS */;

-- Volcando estructura para tabla bd_s3k_tombolacuy_local.evento
CREATE TABLE IF NOT EXISTS `evento` (
  `idEvento` bigint(20) unsigned NOT NULL AUTO_INCREMENT,
  `idJuego` int(10) unsigned DEFAULT NULL,
  `nombre` varchar(255) COLLATE utf8mb4_unicode_ci DEFAULT NULL,
  `fechaEvento` datetime DEFAULT NULL,
  `fechaFinEvento` datetime DEFAULT NULL,
  `apuestaMinima` decimal(18,2) DEFAULT NULL,
  `apuestaMaxima` decimal(18,2) DEFAULT NULL,
  `fechaEventoReprogramacion` datetime DEFAULT NULL,
  `idMoneda` int(11) unsigned NOT NULL,
  `estadoEvento` int(11) DEFAULT NULL COMMENT '0=Anulado\r\n1=Ejecucion\r\n2=Terminado\r\n3=PendPago\r\n4=Pagado\r\n5=Suspendido',
  `estadoAnimacion` int(11) DEFAULT NULL,
  `tokenAnimacion` varchar(50) COLLATE utf8mb4_unicode_ci DEFAULT NULL,
  `puntosCuy` text COLLATE utf8mb4_unicode_ci,
  PRIMARY KEY (`idEvento`),
  KEY `evento_fk1` (`idJuego`),
  KEY `idMoneda` (`idMoneda`),
  CONSTRAINT `evento_fk1` FOREIGN KEY (`idJuego`) REFERENCES `juego` (`idJuego`),
  CONSTRAINT `evento_fk2` FOREIGN KEY (`idMoneda`) REFERENCES `moneda` (`idMoneda`)
) ENGINE=InnoDB DEFAULT CHARSET=utf8mb4 COLLATE=utf8mb4_unicode_ci;

-- Volcando datos para la tabla bd_s3k_tombolacuy_local.evento: ~0 rows (aproximadamente)
/*!40000 ALTER TABLE `evento` DISABLE KEYS */;
/*!40000 ALTER TABLE `evento` ENABLE KEYS */;

-- Volcando estructura para tabla bd_s3k_tombolacuy_local.ganador_evento
CREATE TABLE IF NOT EXISTS `ganador_evento` (
  `idGanadorEvento` int(10) unsigned NOT NULL AUTO_INCREMENT,
  `idApuesta` bigint(20) unsigned DEFAULT NULL,
  `fechaPago` datetime DEFAULT NULL,
  `montoAPagar` varchar(10) COLLATE utf8mb4_unicode_ci DEFAULT NULL,
  `serieComprobante` varchar(10) COLLATE utf8mb4_unicode_ci DEFAULT NULL,
  `nroComprobante` varchar(50) COLLATE utf8mb4_unicode_ci DEFAULT NULL,
  PRIMARY KEY (`idGanadorEvento`),
  KEY `ganador_evento_fk1` (`idApuesta`),
  CONSTRAINT `ganador_evento_fk1` FOREIGN KEY (`idApuesta`) REFERENCES `apuesta` (`idApuesta`)
) ENGINE=InnoDB DEFAULT CHARSET=utf8mb4 COLLATE=utf8mb4_unicode_ci;

-- Volcando datos para la tabla bd_s3k_tombolacuy_local.ganador_evento: ~0 rows (aproximadamente)
/*!40000 ALTER TABLE `ganador_evento` DISABLE KEYS */;
/*!40000 ALTER TABLE `ganador_evento` ENABLE KEYS */;

-- Volcando estructura para tabla bd_s3k_tombolacuy_local.historial_alerta
CREATE TABLE IF NOT EXISTS `historial_alerta` (
  `idHistorialAlerta` int(11) NOT NULL AUTO_INCREMENT,
  `idPuntoVentaTipoAlerta` int(11) DEFAULT NULL,
  `fechaAlerta` datetime DEFAULT NULL,
  `monto` decimal(18,2) DEFAULT NULL,
  `correos_envio` varchar(255) DEFAULT NULL,
  `estado_envio` tinyint(1) DEFAULT NULL,
  `asunto` varchar(255) DEFAULT NULL,
  `mensaje` text,
  PRIMARY KEY (`idHistorialAlerta`),
  KEY `FK_historial_alerta_punto_venta_tipo_alerta` (`idPuntoVentaTipoAlerta`),
  CONSTRAINT `FK_historial_alerta_punto_venta_tipo_alerta` FOREIGN KEY (`idPuntoVentaTipoAlerta`) REFERENCES `punto_venta_tipo_alerta` (`idPuntoVentaTipoAlerta`)
) ENGINE=InnoDB DEFAULT CHARSET=latin1;

-- Volcando datos para la tabla bd_s3k_tombolacuy_local.historial_alerta: ~0 rows (aproximadamente)
/*!40000 ALTER TABLE `historial_alerta` DISABLE KEYS */;
/*!40000 ALTER TABLE `historial_alerta` ENABLE KEYS */;

-- Volcando estructura para tabla bd_s3k_tombolacuy_local.jackpot
CREATE TABLE IF NOT EXISTS `jackpot` (
  `idJackpot` int(10) unsigned NOT NULL AUTO_INCREMENT,
  `idConfiguracionJackpot` int(10) unsigned DEFAULT NULL,
  `nombre` varchar(50) COLLATE utf8mb4_unicode_ci DEFAULT NULL,
  `estadoJackpot` int(11) DEFAULT NULL,
  PRIMARY KEY (`idJackpot`),
  KEY `jackpot_fk1` (`idConfiguracionJackpot`),
  CONSTRAINT `jackpot_fk1` FOREIGN KEY (`idConfiguracionJackpot`) REFERENCES `configuracion_jackpot` (`idConfiguracionJackpot`)
) ENGINE=InnoDB DEFAULT CHARSET=utf8mb4 COLLATE=utf8mb4_unicode_ci;

-- Volcando datos para la tabla bd_s3k_tombolacuy_local.jackpot: ~0 rows (aproximadamente)
/*!40000 ALTER TABLE `jackpot` DISABLE KEYS */;
/*!40000 ALTER TABLE `jackpot` ENABLE KEYS */;

-- Volcando estructura para tabla bd_s3k_tombolacuy_local.jackpot_punto_venta
CREATE TABLE IF NOT EXISTS `jackpot_punto_venta` (
  `idJackpotPuntoVenta` int(10) unsigned NOT NULL AUTO_INCREMENT,
  `idJackpot` int(10) unsigned DEFAULT NULL,
  `idPuntoVenta` int(10) unsigned DEFAULT NULL,
  `estado` tinyint(1) DEFAULT NULL,
  PRIMARY KEY (`idJackpotPuntoVenta`),
  KEY `jackpot_punto_venta_fk1` (`idPuntoVenta`),
  KEY `jackpot_punto_venta_fk2` (`idJackpot`),
  CONSTRAINT `jackpot_punto_venta_fk1` FOREIGN KEY (`idPuntoVenta`) REFERENCES `punto_venta` (`idPuntoVenta`),
  CONSTRAINT `jackpot_punto_venta_fk2` FOREIGN KEY (`idJackpot`) REFERENCES `jackpot` (`idJackpot`)
) ENGINE=InnoDB DEFAULT CHARSET=utf8mb4 COLLATE=utf8mb4_unicode_ci;

-- Volcando datos para la tabla bd_s3k_tombolacuy_local.jackpot_punto_venta: ~0 rows (aproximadamente)
/*!40000 ALTER TABLE `jackpot_punto_venta` DISABLE KEYS */;
/*!40000 ALTER TABLE `jackpot_punto_venta` ENABLE KEYS */;

-- Volcando estructura para tabla bd_s3k_tombolacuy_local.juego
CREATE TABLE IF NOT EXISTS `juego` (
  `idJuego` int(10) unsigned NOT NULL AUTO_INCREMENT,
  `nombre` varchar(50) COLLATE utf8mb4_unicode_ci DEFAULT NULL,
  `logo` varchar(3000) COLLATE utf8mb4_unicode_ci DEFAULT NULL,
  `lapsoProxEventoHoras` int(11) DEFAULT NULL,
  `lapsoProxEventoDia` int(11) DEFAULT NULL,
  `lapsoProxEventoMinutos` int(11) DEFAULT NULL,
  `apuestaMinima` decimal(18,2) DEFAULT NULL,
  `apuestaMaxima` decimal(18,2) DEFAULT NULL,
  `segBloqueoAntesEvento` int(11) DEFAULT NULL,
  `idMoneda` int(11) DEFAULT NULL,
  `diasVigentesCobroTicket` int(11) DEFAULT NULL,
  `estado` int(11) DEFAULT NULL,
  `segBloqueoAntesAnimacion` int(11) NOT NULL,
  `segCajaGirando` int(11) DEFAULT NULL,
  `PremioMaximoPagar` decimal(18,2) DEFAULT NULL,
  PRIMARY KEY (`idJuego`)
) ENGINE=InnoDB AUTO_INCREMENT=4 DEFAULT CHARSET=utf8mb4 COLLATE=utf8mb4_unicode_ci;

-- Volcando datos para la tabla bd_s3k_tombolacuy_local.juego: ~2 rows (aproximadamente)
/*!40000 ALTER TABLE `juego` DISABLE KEYS */;
INSERT INTO `juego` (`idJuego`, `nombre`, `logo`, `lapsoProxEventoHoras`, `lapsoProxEventoDia`, `lapsoProxEventoMinutos`, `apuestaMinima`, `apuestaMaxima`, `segBloqueoAntesEvento`, `idMoneda`, `diasVigentesCobroTicket`, `estado`, `segBloqueoAntesAnimacion`, `segCajaGirando`, `PremioMaximoPagar`) VALUES
	(1, 'Cuy', 'cuy.png', 0, 0, 2, 1.00, 1000.00, 10, 94, 3, 1, 30, 10, 3000.00),
	(3, 'Cuy2', 'cuy.png', 0, 0, 2, 1.00, 1000.00, 10, 94, 3, 0, 30, 10, 0.00);
/*!40000 ALTER TABLE `juego` ENABLE KEYS */;

-- Volcando estructura para tabla bd_s3k_tombolacuy_local.migrations
CREATE TABLE IF NOT EXISTS `migrations` (
  `id` int(10) unsigned NOT NULL AUTO_INCREMENT,
  `migration` varchar(191) COLLATE utf8mb4_unicode_ci NOT NULL,
  `batch` int(11) NOT NULL,
  PRIMARY KEY (`id`)
) ENGINE=InnoDB AUTO_INCREMENT=465 DEFAULT CHARSET=utf8mb4 COLLATE=utf8mb4_unicode_ci;

-- Volcando datos para la tabla bd_s3k_tombolacuy_local.migrations: ~24 rows (aproximadamente)
/*!40000 ALTER TABLE `migrations` DISABLE KEYS */;
INSERT INTO `migrations` (`id`, `migration`, `batch`) VALUES
	(441, '2014_10_12_000000_create_users_table', 1),
	(442, '2014_10_12_100000_create_password_resets_table', 1),
	(443, '2019_01_16_152206_create_empresa_table', 1),
	(444, '2019_01_16_183845_create_punto_venta_table', 1),
	(445, '2019_01_16_183930_create_ubigeo_table', 1),
	(446, '2019_01_18_200749_create_apertura_caja_table', 1),
	(447, '2019_01_18_200809_create_apuesta_table', 1),
	(448, '2019_01_18_200825_create_caja_table', 1),
	(449, '2019_01_18_200842_create_cliente_table', 1),
	(450, '2019_01_18_200908_create_configuracion_evento_table', 1),
	(451, '2019_01_18_200934_create_configuracion_jackpot_table', 1),
	(452, '2019_01_18_200953_create_configuracion_pozo_table', 1),
	(453, '2019_01_18_201019_create_detalle_evento_table', 1),
	(454, '2019_01_18_201043_create_evento_table', 1),
	(455, '2019_01_18_201108_create_ganador_evento_table', 1),
	(456, '2019_01_18_201129_create_jackpot_table', 1),
	(457, '2019_01_18_201148_create_moneda_table', 1),
	(458, '2019_01_18_201236_create_pozo_jackpot_table', 1),
	(459, '2019_01_18_201253_create_pozo_online_table', 1),
	(460, '2019_01_18_201311_create_ticket_table', 1),
	(461, '2019_01_18_201333_create_tipo_apuesta_table', 1),
	(462, '2019_01_18_201356_create_tipo_pago_table', 1),
	(463, '2019_01_18_201412_create_turno_table', 1),
	(464, '2019_01_22_093627_create_jackpot_punto_venta_table', 1);
/*!40000 ALTER TABLE `migrations` ENABLE KEYS */;

-- Volcando estructura para tabla bd_s3k_tombolacuy_local.moneda
CREATE TABLE IF NOT EXISTS `moneda` (
  `idMoneda` int(11) unsigned NOT NULL,
  `nombre` varchar(50) COLLATE utf8mb4_unicode_ci DEFAULT NULL,
  `simbolo` varchar(50) COLLATE utf8mb4_unicode_ci DEFAULT NULL,
  `codlso` varchar(50) COLLATE utf8mb4_unicode_ci DEFAULT NULL,
  `principal` int(11) DEFAULT NULL,
  `estado` int(11) DEFAULT NULL,
  PRIMARY KEY (`idMoneda`)
) ENGINE=InnoDB DEFAULT CHARSET=utf8mb4 COLLATE=utf8mb4_unicode_ci;

-- Volcando datos para la tabla bd_s3k_tombolacuy_local.moneda: ~135 rows (aproximadamente)
/*!40000 ALTER TABLE `moneda` DISABLE KEYS */;
INSERT INTO `moneda` (`idMoneda`, `nombre`, `simbolo`, `codlso`, `principal`, `estado`) VALUES
	(1, 'Dólar australiano', '$', 'AUD', 0, 1),
	(2, 'Lek albanés', 'ALL', 'ALL', 0, 1),
	(3, 'Dinar argelino', 'NA', 'DZD', 0, 1),
	(4, 'Peso argentino', '$', 'ARS', 0, 1),
	(5, 'Florín arubeño', '?', 'AWG', 0, 1),
	(6, 'Libra esterlina', '£', 'GBP', 0, 1),
	(7, 'Dólar de las Bahamas', 'B$', 'BSD', 0, 1),
	(8, 'Dinar de Bahréin', 'NA', 'BHD', 0, 1),
	(9, 'Taka de Bangladesh', 'Tk', 'BDT', 0, 1),
	(10, 'Dólar de Barbados', 'BBD', 'BBD', 0, 1),
	(11, 'Rublo bielorruso', 'Br', 'BYR', 0, 1),
	(12, 'Dólar de Belice', 'BZ$', 'BZD', 0, 1),
	(13, 'Dólar de Bermudas', 'BD$', 'BMD', 0, 1),
	(14, 'Ngultrum de Bhutan', 'Nu.', 'BTN', 0, 1),
	(15, 'Boliviano', 'Bs', 'BOB', 0, 1),
	(16, 'Pula de Botsuana', 'P', 'BWP', 0, 1),
	(17, 'Real brasileño', 'R$', 'BRL', 0, 1),
	(18, 'Dólar de Brunéi', 'B$', 'BND', 0, 1),
	(19, 'Lev búlgaro', 'NA', 'BGN', 0, 1),
	(20, 'Franco burundí', 'FBu', 'BIF', 0, 1),
	(21, 'Dólar canadiense', 'C$', 'CAD', 0, 1),
	(22, 'Yuan chino', '¥', 'CNY', 0, 1),
	(23, 'Riel camboyano', 'KHR', 'KHR', 0, 1),
	(24, 'Escudo caboverdiano', 'Esc', 'CVE', 0, 1),
	(25, 'Dólar de las Islas Caimán', '$', 'KYD', 0, 1),
	(26, 'Franco CFA (BCEAO)', 'BCEAO', 'XOF', 0, 1),
	(27, 'Franco CFA (BEAC)', 'BEAC', 'XAF', 0, 1),
	(28, 'Peso chileno', '$', 'CLP', 0, 1),
	(29, 'Peso colombiano', '$', 'COP', 0, 1),
	(30, 'Franco comorano', 'KMF', 'KMF', 0, 1),
	(31, 'Colón costarricense', 'NA', 'CRC', 0, 1),
	(32, 'Kuna croata', 'kn', 'HRK', 0, 1),
	(33, 'Peso cubano', '$MN', 'CUP', 0, 1),
	(34, 'Corona checa', 'NA', 'CZK', 0, 1),
	(35, 'Corona danesa', 'kr', 'DKK', 0, 1),
	(36, 'Franco yibutiano', 'Fdj', 'DJF', 0, 1),
	(37, 'Peso dominicano', 'RD$', 'DOP', 0, 1),
	(38, 'Euro', '?', 'EUR', 0, 1),
	(39, 'Dólar del Caribe Oriental', 'EC$', 'XCD', 0, 1),
	(40, 'Libra egipcia', 'NA', 'EGP', 0, 1),
	(41, 'El Colon del Salvador', 'NA', 'SVC', 0, 1),
	(42, 'Corona estonia', 'EEK', 'EEK', 0, 1),
	(43, 'Birr etíope', 'Br', 'ETB', 0, 1),
	(44, 'Libra malvinense', '£', 'FKP', 0, 1),
	(45, 'Dólar de Fiji', 'FJ$', 'FJD', 0, 1),
	(46, 'Dalasi gambiano', 'D', 'GMD', 0, 1),
	(47, 'Quetzal de Guatemala', 'Q', 'GTQ', 0, 1),
	(48, 'Franco guineano', 'FG', 'GNF', 0, 1),
	(49, 'Dólar guyanés', 'GY$', 'GYD', 0, 1),
	(50, 'Cedi ghanes', 'GHS', 'GHS', 0, 1),
	(51, 'Dólar de Hong Kong', 'HK$', 'HKD', 0, 1),
	(52, 'Gourde haitiano', '', 'HTG', 0, 1),
	(53, 'Lempira hondureña', 'L', 'HNL', 0, 1),
	(54, 'Florín húngaro', 'Ft', 'HUF', 0, 1),
	(55, 'Rupia indonesia', 'Rp', 'IDR', 0, 1),
	(56, 'Rupia india', 'Rs.', 'INR', 0, 1),
	(57, 'Corona islandesa', 'kr', 'ISK', 0, 1),
	(58, 'Rial iraní', '', 'IRR', 0, 1),
	(59, 'Dinar iraquí', 'NA', 'IQD', 0, 1),
	(60, 'Shekel israelí', 'NA', 'ILS', 0, 1),
	(61, 'Yen japonés', '¥', 'JPY', 0, 1),
	(62, 'Dinar jordano', 'JOD', 'JOD', 0, 1),
	(63, 'Tenge kazako', 'KZT', 'KZT', 0, 1),
	(64, 'Chelín keniano', 'KSh', 'KES', 0, 1),
	(65, 'Won coreano', 'NA', 'KRW', 0, 1),
	(66, 'Dinar kuwaití', 'NA', 'KWD', 0, 1),
	(67, 'Kirguistán Som', 'KGS', 'KGS', 0, 1),
	(68, 'Pataca de Macao', '$', 'MOP', 0, 1),
	(69, 'Dinar macedonio', 'MKD', 'MKD', 0, 1),
	(70, 'Kwacha malawiano', 'MK', 'MWK', 0, 1),
	(71, 'Ringgit malayo', 'RM', 'MYR', 0, 1),
	(72, 'Rupia de Maldivas', 'Rf', 'MVR', 0, 1),
	(73, 'Ouguiya de Mauritania', 'UM', 'MRO', 0, 1),
	(74, 'Rupia mauricia', 'NA', 'MUR', 0, 1),
	(75, 'Peso mexicano', '$', 'MXN', 0, 1),
	(76, 'Leu moldavo', 'MDL', 'MDL', 0, 1),
	(77, 'Tugrik mongol', 'NA', 'MNT', 0, 1),
	(78, 'Dirham marroquí', 'NA', 'MAD', 0, 1),
	(79, 'Kyat de Myanmar', 'K', 'MMK', 0, 1),
	(80, 'Dólar de Namibia', 'N$', 'NAD', 0, 1),
	(81, 'Rupia nepalí', 'NA', 'NPR', 0, 1),
	(82, 'Guilder antillano', 'NA?', 'ANG', 0, 1),
	(83, 'Dólar neozelandés', '$', 'NZD', 0, 1),
	(84, 'Córdoba nicaragüense', 'C$', 'NIO', 0, 1),
	(85, 'Naira nigeriano', 'NA', 'NGN', 0, 1),
	(86, 'Won de Corea del Norte', 'NA', 'KPW', 0, 1),
	(87, 'Corona noruega', 'kr', 'NOK', 0, 1),
	(88, 'Rial omaní', 'NA', 'OMR', 0, 1),
	(89, 'Franco CFP', 'F', 'XPF', 0, 1),
	(90, 'Rupia pakistaní', 'Rs.', 'PKR', 0, 1),
	(91, 'Balboa panameño', 'B', 'PAB', 0, 1),
	(92, 'Kina de Papúa Nueva Guinea', 'K', 'PGK', 0, 1),
	(93, 'Guaraní paraguayo', '', 'PYG', 0, 1),
	(94, 'Nuevo Sol peruano', 'S/', 'PEN', 2, 1),
	(95, 'Peso filipino', 'NA', 'PHP', 0, 1),
	(96, 'Zloty polaco', 'NA', 'PLN', 0, 1),
	(97, 'Riyal Qatarí', 'NA', 'QAR', 0, 1),
	(98, 'Leu rumano', 'L', 'RON', 0, 1),
	(99, 'Rublo ruso', 'NA', 'RUB', 0, 1),
	(100, 'Franco ruandés', 'RF', 'RWF', 0, 1),
	(101, 'Franco suizo', 'CHF', 'CHF', 0, 1),
	(102, 'Tala de Samoa', 'WS$', 'WST', 0, 1),
	(103, 'Dobra de Santo Tomé', 'Db', 'STD', 0, 1),
	(104, 'Riyal saudí', 'NA', 'SAR', 0, 1),
	(105, 'Rupia de Seychelles', 'SR', 'SCR', 0, 1),
	(106, 'Leone de Sierra Leona', 'Le', 'SLL', 0, 1),
	(107, 'Dólar de Singapur', 'S$', 'SGD', 0, 1),
	(108, 'Corona eslovaca', 'Sk', 'SKK', 0, 1),
	(109, 'Dólar de las Islas Salomón', 'SI$', 'SBD', 0, 1),
	(110, 'Chelín somalí', 'So.', 'SOS', 0, 1),
	(111, 'Rand sudafricano', 'R', 'ZAR', 0, 1),
	(112, 'Rupia de Sri Lanka', 'NA', 'LKR', 0, 1),
	(113, 'Libra de Santa Helena', '£', 'SHP', 0, 1),
	(114, 'Libra sudanesa', 'SDG', 'SDG', 0, 1),
	(115, 'Lilangeni de Suazilandia', 'SZL', 'SZL', 0, 1),
	(116, 'Corona sueca', 'kr', 'SEK', 0, 1),
	(117, 'Libra siria', 'SYP', 'SYP', 0, 1),
	(118, 'Baht tailandés', 'NA', 'THB', 0, 1),
	(119, 'Lira turca', 'YTL', 'TRY', 0, 1),
	(120, 'Dólar taiwanés', 'NT$', 'TWD', 0, 1),
	(121, 'Chelín tanzano', 'x', 'TZS', 0, 1),
	(122, 'Pa\'anga del Reino de Tonga', 'T$', 'TOP', 0, 1),
	(123, 'Dólar de Trinidad y Tobago', 'TTD', 'TTD', 0, 1),
	(124, 'Dinar tunecino', 'NA', 'TND', 0, 1),
	(125, 'Dólar estadounidense', '$', 'USD', 1, 1),
	(126, 'Dirham de Emiratos Arabes Unidos', 'NA', 'AED', 0, 1),
	(127, 'Chelín ugandés', 'USh', 'UGX', 0, 1),
	(128, 'Grivnia de Ucrania', '', 'UAH', 0, 1),
	(129, 'Peso uruguayo', 'UYU', 'UYU', 0, 1),
	(130, 'Uzbekistán Sum', 'UZS', 'UZS', 0, 1),
	(131, 'Vatu de Vanuatu', 'Vt', 'VUV', 0, 1),
	(132, 'Dong de Vietnam', 'NA', 'VND', 0, 1),
	(133, 'Bolívar venezolano', 'VEF', 'VEF', 0, 1),
	(134, 'Rial yemení', 'YER', 'YER', 0, 1),
	(135, 'Kwacha zambiano', 'ZMK', 'ZMK', 0, 1);
/*!40000 ALTER TABLE `moneda` ENABLE KEYS */;

-- Volcando estructura para tabla bd_s3k_tombolacuy_local.password_resets
CREATE TABLE IF NOT EXISTS `password_resets` (
  `email` varchar(191) COLLATE utf8mb4_unicode_ci NOT NULL,
  `token` varchar(191) COLLATE utf8mb4_unicode_ci NOT NULL,
  `created_at` timestamp NULL DEFAULT NULL,
  KEY `password_resets_email_index` (`email`)
) ENGINE=InnoDB DEFAULT CHARSET=utf8mb4 COLLATE=utf8mb4_unicode_ci;

-- Volcando datos para la tabla bd_s3k_tombolacuy_local.password_resets: ~0 rows (aproximadamente)
/*!40000 ALTER TABLE `password_resets` DISABLE KEYS */;
/*!40000 ALTER TABLE `password_resets` ENABLE KEYS */;

-- Volcando estructura para tabla bd_s3k_tombolacuy_local.permisos
CREATE TABLE IF NOT EXISTS `permisos` (
  `id` int(11) NOT NULL AUTO_INCREMENT,
  `tipo` int(11) DEFAULT NULL COMMENT '0:menu,1:permiso',
  `nombre` varchar(255) COLLATE macroman_bin DEFAULT NULL,
  `controller` varchar(255) COLLATE macroman_bin DEFAULT NULL,
  `method` varchar(255) COLLATE macroman_bin DEFAULT NULL,
  `descripcion` varchar(450) COLLATE macroman_bin DEFAULT NULL,
  `fecha_registro` datetime DEFAULT NULL,
  `estado` int(11) DEFAULT NULL,
  PRIMARY KEY (`id`)
) ENGINE=InnoDB AUTO_INCREMENT=82 DEFAULT CHARSET=macroman COLLATE=macroman_bin;

-- Volcando datos para la tabla bd_s3k_tombolacuy_local.permisos: ~73 rows (aproximadamente)
/*!40000 ALTER TABLE `permisos` DISABLE KEYS */;
INSERT INTO `permisos` (`id`, `tipo`, `nombre`, `controller`, `method`, `descripcion`, `fecha_registro`, `estado`) VALUES
	(1, NULL, 'Dashboard', 'App\\Http\\Controllers\\HomeController@DashboardVista', 'GET', NULL, '2019-04-25 17:56:07', 1),
	(2, NULL, 'EmpresaListar', 'App\\Http\\Controllers\\EmpresaController@EmpresaListarVista', 'GET', NULL, '2019-04-25 17:56:07', 1),
	(3, NULL, 'EmpresaInsertar', 'App\\Http\\Controllers\\EmpresaController@EmpresaInsertarVista', 'GET', NULL, '2019-04-25 17:56:07', 1),
	(4, NULL, 'EmpresaEditar/{idEmpresa}', 'App\\Http\\Controllers\\EmpresaController@EmpresaEditarVista', 'GET', NULL, '2019-04-25 17:56:07', 1),
	(5, NULL, 'EmpresaInsertarJson', 'App\\Http\\Controllers\\EmpresaController@EmpresaInsertarJson', 'POST', NULL, '2019-04-25 17:56:07', 1),
	(6, NULL, 'EmpresaEditarJson', 'App\\Http\\Controllers\\EmpresaController@EmpresaEditarJson', 'POST', NULL, '2019-04-25 17:56:07', 1),
	(7, NULL, 'PuntoVentaListar', 'App\\Http\\Controllers\\PuntoVentaController@PuntoVentaListarVista', 'GET', NULL, '2019-04-25 17:56:07', 1),
	(8, NULL, 'PuntoVentaEditar/{idPuntoVenta}', 'App\\Http\\Controllers\\PuntoVentaController@PuntoVentaEditarVista', 'GET', NULL, '2019-04-25 17:56:07', 1),
	(9, NULL, 'PuntoVentaEditarJson', 'App\\Http\\Controllers\\PuntoVentaController@PuntoVentaEditarJson', 'POST', NULL, '2019-04-25 17:56:08', 1),
	(10, NULL, 'JackpotListar', 'App\\Http\\Controllers\\JackpotController@JackpotListarVista', 'GET', NULL, '2019-04-25 17:56:08', 1),
	(11, NULL, 'JackpotInsertar', 'App\\Http\\Controllers\\JackpotController@JackpotInsertarVista', 'GET', NULL, '2019-04-25 17:56:08', 1),
	(12, NULL, 'JackpotEditar/{idJackpot}', 'App\\Http\\Controllers\\JackpotController@JackpotEditarVista', 'GET', NULL, '2019-04-25 17:56:08', 1),
	(13, NULL, 'VentanaCaja', 'App\\Http\\Controllers\\VentaController@Index', 'GET', NULL, '2019-04-25 17:56:08', 1),
	(14, NULL, 'VentanaCaja2', 'App\\Http\\Controllers\\VentaController@IndexNuevo', 'GET', NULL, '2019-04-25 17:56:08', 1),
	(15, NULL, 'ConfiguracionJackpotListar', 'App\\Http\\Controllers\\ConfiguracionJackpotController@ConfiguracionJackpotListarVista', 'GET', NULL, '2019-04-25 17:56:08', 1),
	(16, NULL, 'ConfiguracionJackpotInsertar', 'App\\Http\\Controllers\\ConfiguracionJackpotController@ConfiguracionJackpotInsertarVista', 'GET', NULL, '2019-04-25 17:56:08', 1),
	(17, NULL, 'ConfiguracionJackpotEditar/{idConfiguracionJackpot}', 'App\\Http\\Controllers\\ConfiguracionJackpotController@ConfiguracionJackpotEditarVista', 'GET', NULL, '2019-04-25 17:56:08', 1),
	(18, NULL, 'ConfiguracionJackpotInsertarJson', 'App\\Http\\Controllers\\ConfiguracionJackpotController@ConfiguracionJackpotInsertarJson', 'POST', NULL, '2019-04-25 17:56:08', 1),
	(19, NULL, 'ConfiguracionJackpotEditarJson', 'App\\Http\\Controllers\\ConfiguracionJackpotController@ConfiguracionJackpotEditarJson', 'POST', NULL, '2019-04-25 17:56:08', 1),
	(20, NULL, 'CajaListar', 'App\\Http\\Controllers\\CajaController@CajaListarVista', 'GET', NULL, '2019-04-25 17:56:08', 1),
	(21, NULL, 'CajaInsertar', 'App\\Http\\Controllers\\CajaController@CajaInsertarVista', 'GET', NULL, '2019-04-25 17:56:08', 1),
	(22, NULL, 'CajaEditar/{idCaja}', 'App\\Http\\Controllers\\CajaController@CajaEditarVista', 'GET', NULL, '2019-04-25 17:56:08', 1),
	(23, NULL, 'CajaInsertarJson', 'App\\Http\\Controllers\\CajaController@CajaInsertarJson', 'POST', NULL, '2019-04-25 17:56:08', 1),
	(24, NULL, 'CajaEditarJson', 'App\\Http\\Controllers\\CajaController@CajaEditarJson', 'POST', NULL, '2019-04-25 17:56:08', 1),
	(25, NULL, 'AperturaCajaListar', 'App\\Http\\Controllers\\AperturaCajaController@AperturaCajaListarVista', 'GET', NULL, '2019-04-25 17:56:08', 1),
	(26, NULL, 'AperturaCajaInsertar', 'App\\Http\\Controllers\\AperturaCajaController@AperturaCajaInsertarVista', 'GET', NULL, '2019-04-25 17:56:08', 1),
	(27, NULL, 'AperturaCajaEditar/{idAperturaCaja}', 'App\\Http\\Controllers\\AperturaCajaController@AperturaCajaEditarVista', 'GET', NULL, '2019-04-25 17:56:08', 1),
	(28, NULL, 'AperturaCajaInsertarJson', 'App\\Http\\Controllers\\AperturaCajaController@AperturaCajaInsertarJson', 'POST', NULL, '2019-04-25 17:56:08', 1),
	(29, NULL, 'AperturaCajaEditarJson', 'App\\Http\\Controllers\\AperturaCajaController@AperturaCajaEditarJson', 'POST', NULL, '2019-04-25 17:56:08', 1),
	(30, NULL, 'AperturaRevisarJson', 'App\\Http\\Controllers\\AperturaCajaController@AperturaRevisarJson', 'POST', NULL, '2019-04-25 17:56:08', 1),
	(31, NULL, 'TurnoListar', 'App\\Http\\Controllers\\TurnoController@TurnoListarVista', 'GET', NULL, '2019-04-25 17:56:08', 1),
	(32, NULL, 'TurnoInsertar', 'App\\Http\\Controllers\\TurnoController@TurnoInsertarVista', 'GET', NULL, '2019-04-25 17:56:08', 1),
	(33, NULL, 'TurnoEditar/{idTurno}', 'App\\Http\\Controllers\\TurnoController@TurnoEditarVista', 'GET', NULL, '2019-04-25 17:56:09', 1),
	(34, NULL, 'TurnoInsertarJson', 'App\\Http\\Controllers\\TurnoController@TurnoInsertarJson', 'POST', NULL, '2019-04-25 17:56:09', 1),
	(35, NULL, 'TurnoEditarJson', 'App\\Http\\Controllers\\TurnoController@TurnoEditarJson', 'POST', NULL, '2019-04-25 17:56:09', 1),
	(36, NULL, 'DineroDefaultListar', 'App\\Http\\Controllers\\DineroDefaultController@DineroDefaultListarVista', 'GET', NULL, '2019-04-25 17:56:09', 1),
	(37, NULL, 'DineroDefaultInsertar', 'App\\Http\\Controllers\\DineroDefaultController@DineroDefaultInsertarVista', 'GET', NULL, '2019-04-25 17:56:09', 1),
	(38, NULL, 'DineroDefaultEditar/{idDineroDefault}', 'App\\Http\\Controllers\\DineroDefaultController@DineroDefaultEditarVista', 'GET', NULL, '2019-04-25 17:56:09', 1),
	(39, NULL, 'DineroDefaultInsertarJson', 'App\\Http\\Controllers\\DineroDefaultController@DineroDefaultInsertarJson', 'POST', NULL, '2019-04-25 17:56:09', 1),
	(40, NULL, 'DineroDefaultEditarJson', 'App\\Http\\Controllers\\DineroDefaultController@DineroDefaultEditarJson', 'POST', NULL, '2019-04-25 17:56:09', 1),
	(41, NULL, 'TipoPagoListar', 'App\\Http\\Controllers\\TipoPagoController@TipoPagoListarVista', 'GET', NULL, '2019-04-25 17:56:09', 1),
	(42, NULL, 'TipoPagoInsertar', 'App\\Http\\Controllers\\TipoPagoController@TipoPagoInsertarVista', 'GET', NULL, '2019-04-25 17:56:09', 1),
	(43, NULL, 'TipoPagoEditar/{idTipoPago}', 'App\\Http\\Controllers\\TipoPagoController@TipoPagoEditarVista', 'GET', NULL, '2019-04-25 17:56:09', 1),
	(44, NULL, 'TipoPagoInsertarJson', 'App\\Http\\Controllers\\TipoPagoController@TipoPagoInsertarJson', 'POST', NULL, '2019-04-25 17:56:09', 1),
	(45, NULL, 'TipoPagoEditarJson', 'App\\Http\\Controllers\\TipoPagoController@TipoPagoEditarJson', 'POST', NULL, '2019-04-25 17:56:09', 1),
	(46, NULL, 'TipoApuestaListar', 'App\\Http\\Controllers\\TipoApuestaController@TipoApuestaListarVista', 'GET', NULL, '2019-04-25 17:56:09', 1),
	(47, NULL, 'TipoApuestaInsertar', 'App\\Http\\Controllers\\TipoApuestaController@TipoApuestaInsertarVista', 'GET', NULL, '2019-04-25 17:56:09', 1),
	(48, NULL, 'TipoApuestaEditar/{idTipoApuesta}', 'App\\Http\\Controllers\\TipoApuestaController@TipoApuestaEditarVista', 'GET', NULL, '2019-04-25 17:56:09', 1),
	(49, NULL, 'TipoApuestaInsertarJson', 'App\\Http\\Controllers\\TipoApuestaController@TipoApuestaInsertarJson', 'POST', NULL, '2019-04-25 17:56:09', 1),
	(50, NULL, 'TipoApuestaEditarJson', 'App\\Http\\Controllers\\TipoApuestaController@TipoApuestaEditarJson', 'POST', NULL, '2019-04-25 17:56:09', 1),
	(56, NULL, 'ReportedeVentasVista', 'App\\Http\\Controllers\\ReporteController@ReporteApuestaVista', 'GET', NULL, '2019-04-25 17:56:10', 1),
	(57, NULL, 'ReporteVentasEventosVista', 'App\\Http\\Controllers\\ReporteController@ReporteVentaVista', 'GET', NULL, '2019-04-25 17:56:10', 1),
	(58, NULL, 'ReporteHistorialEventosVista', 'App\\Http\\Controllers\\ReporteController@ReporteVentaJuegoVista', 'GET', NULL, '2019-04-25 17:56:10', 1),
	(59, NULL, 'ReporteCierraVentaVista', 'App\\Http\\Controllers\\ReporteController@ReporteCierraVentaVista', 'GET', NULL, '2019-04-25 17:56:10', 1),
	(60, NULL, 'ReporteHistorialTicketVista', 'App\\Http\\Controllers\\ReporteController@ReporteHistorialTicketVista', 'GET', NULL, '2019-04-25 17:56:10', 1),
	(61, NULL, 'ReporteDetalleApuestaEventoVista', 'App\\Http\\Controllers\\ReporteController@ReporteHistorialGanadoresVista', 'GET', NULL, '2019-04-25 17:56:10', 1),
	(62, NULL, 'ReporteJackPot', 'App\\Http\\Controllers\\ReporteController@ReporteJackPotVista', 'GET', NULL, '2019-04-25 17:56:10', 1),
	(63, NULL, 'ProgresivoListar', 'App\\Http\\Controllers\\ProgresivoController@ProgresivoListarVista', 'GET', NULL, '2019-04-25 17:56:10', 1),
	(64, NULL, 'ProgresivoInsertar', 'App\\Http\\Controllers\\ProgresivoController@ProgresivoInsertarVista', 'GET', NULL, '2019-04-25 17:56:10', 1),
	(65, NULL, 'ProgresivoConfiguracion', 'App\\Http\\Controllers\\ProgresivoController@ProgresivoConfiguracionVista', 'GET', NULL, '2019-04-25 17:56:10', 1),
	(66, NULL, 'UsuarioPuntoVenta', 'App\\Http\\Controllers\\UsuarioPuntoVentaController@UsuarioPuntoVentaListarVista', 'GET', NULL, '2019-04-25 17:56:10', 1),
	(67, NULL, 'UsuarioPuntoVentaEditar/{idUsuarioPuntoVenta}', 'App\\Http\\Controllers\\UsuarioPuntoVentaController@UsuarioPuntoVentaEditarVista', 'GET', NULL, '2019-04-25 17:56:10', 1),
	(68, NULL, 'Auditoria', 'App\\Http\\Controllers\\ReporteController@ReporteAuditoriaVista', 'GET', NULL, '2019-04-25 17:56:10', 1),
	(69, NULL, 'ReporteJackPotListarJson', 'App\\Http\\Controllers\\ReporteController@ReporteJackPotListarJson', 'POST', NULL, '2019-04-25 17:56:10', 1),
	(70, NULL, 'ConfiguracionJackpotListarJson', 'App\\Http\\Controllers\\ConfiguracionJackpotController@ConfiguracionJackpotListarJson', 'POST', NULL, '2019-04-25 17:56:10', 1),
	(71, NULL, 'ConfiguracionGeneral', 'App\\Http\\Controllers\\ConfiguracionGeneralController@ConfiguracionGeneralVista', 'GET', NULL, '2019-04-25 17:56:10', 1),
	(72, NULL, 'Seguridad', 'App\\Http\\Controllers\\SeguridadController@PermisosUsuarioVista', 'GET', NULL, '2019-04-25 17:56:11', 1),
	(74, NULL, 'JuegoEditarVista/{IdJuego}', 'App\\Http\\Controllers\\JuegoController@JuegoEditarVista', 'GET', NULL, '2019-04-29 13:51:39', 1),
	(75, NULL, 'JuegoEditarJson', 'App\\Http\\Controllers\\JuegoController@JuegoEditarJson', 'POST', NULL, '2019-04-29 13:51:39', 1),
	(76, NULL, 'JuegoListarVista', 'App\\Http\\Controllers\\JuegoController@JuegoListarVista', 'GET', NULL, '2019-04-29 13:52:05', 1),
	(77, NULL, 'ReporteAlertasVista', 'App\\Http\\Controllers\\ReporteController@ReporteAlertasVista', 'GET', NULL, '2019-04-30 11:29:25', 1),
	(78, NULL, 'TipoAlertaVista', 'App\\Http\\Controllers\\SeguridadController@TipoAlertaVista', 'GET', NULL, '2019-05-02 13:00:02', 1),
	(80, NULL, 'TipoAlertaPuntoVenta/{idTipoAlerta}', 'App\\Http\\Controllers\\SeguridadController@TipoAlertaPuntoVentaVista', 'GET', NULL, '2019-05-02 17:49:55', 1),
	(81, NULL, 'TipoAlertaPuntoVentaInsertarJson', 'App\\Http\\Controllers\\SeguridadController@TipoAlertaPuntoVentaInsertarJson', 'POST', NULL, '2019-05-02 17:49:55', 1);
/*!40000 ALTER TABLE `permisos` ENABLE KEYS */;

-- Volcando estructura para tabla bd_s3k_tombolacuy_local.permisos_perfil
CREATE TABLE IF NOT EXISTS `permisos_perfil` (
  `id` int(11) NOT NULL AUTO_INCREMENT,
  `perfil_id` int(11) DEFAULT NULL COMMENT '0:administrador,1:cajero',
  `permiso_id` int(11) DEFAULT NULL COMMENT 'usuario',
  `estado` int(11) DEFAULT NULL,
  `fecha_registro` datetime DEFAULT NULL,
  PRIMARY KEY (`id`)
) ENGINE=InnoDB AUTO_INCREMENT=440 DEFAULT CHARSET=macroman COLLATE=macroman_bin;

-- Volcando datos para la tabla bd_s3k_tombolacuy_local.permisos_perfil: ~145 rows (aproximadamente)
/*!40000 ALTER TABLE `permisos_perfil` DISABLE KEYS */;
INSERT INTO `permisos_perfil` (`id`, `perfil_id`, `permiso_id`, `estado`, `fecha_registro`) VALUES
	(149, 0, 1, 1, '2019-05-02 13:00:10'),
	(150, 0, 2, 1, '2019-05-02 13:00:11'),
	(151, 0, 3, 1, '2019-05-02 13:00:11'),
	(152, 0, 4, 1, '2019-05-02 13:00:11'),
	(153, 0, 5, 1, '2019-05-02 13:00:11'),
	(154, 0, 6, 1, '2019-05-02 13:00:11'),
	(155, 0, 7, 1, '2019-05-02 13:00:11'),
	(156, 0, 8, 1, '2019-05-02 13:00:11'),
	(157, 0, 9, 1, '2019-05-02 13:00:11'),
	(158, 0, 10, 1, '2019-05-02 13:00:11'),
	(159, 0, 11, 1, '2019-05-02 13:00:11'),
	(160, 0, 12, 1, '2019-05-02 13:00:11'),
	(161, 0, 13, 1, '2019-05-02 13:00:11'),
	(162, 0, 14, 1, '2019-05-02 13:00:11'),
	(163, 0, 15, 1, '2019-05-02 13:00:11'),
	(164, 0, 16, 1, '2019-05-02 13:00:11'),
	(165, 0, 17, 1, '2019-05-02 13:00:11'),
	(166, 0, 18, 1, '2019-05-02 13:00:11'),
	(167, 0, 19, 1, '2019-05-02 13:00:11'),
	(168, 0, 20, 1, '2019-05-02 13:00:11'),
	(169, 0, 21, 1, '2019-05-02 13:00:11'),
	(170, 0, 22, 1, '2019-05-02 13:00:11'),
	(171, 0, 23, 1, '2019-05-02 13:00:11'),
	(172, 0, 24, 1, '2019-05-02 13:00:11'),
	(173, 0, 25, 1, '2019-05-02 13:00:11'),
	(174, 0, 26, 1, '2019-05-02 13:00:11'),
	(175, 0, 27, 1, '2019-05-02 13:00:11'),
	(176, 0, 28, 1, '2019-05-02 13:00:11'),
	(177, 0, 29, 1, '2019-05-02 13:00:11'),
	(178, 0, 30, 1, '2019-05-02 13:00:11'),
	(179, 0, 31, 1, '2019-05-02 13:00:11'),
	(180, 0, 32, 1, '2019-05-02 13:00:11'),
	(181, 0, 33, 1, '2019-05-02 13:00:12'),
	(182, 0, 34, 1, '2019-05-02 13:00:12'),
	(183, 0, 35, 1, '2019-05-02 13:00:12'),
	(184, 0, 36, 1, '2019-05-02 13:00:12'),
	(185, 0, 37, 1, '2019-05-02 13:00:12'),
	(186, 0, 38, 1, '2019-05-02 13:00:12'),
	(187, 0, 39, 1, '2019-05-02 13:00:12'),
	(188, 0, 40, 1, '2019-05-02 13:00:12'),
	(189, 0, 41, 1, '2019-05-02 13:00:12'),
	(190, 0, 42, 1, '2019-05-02 13:00:12'),
	(191, 0, 43, 1, '2019-05-02 13:00:12'),
	(192, 0, 44, 1, '2019-05-02 13:00:12'),
	(193, 0, 45, 1, '2019-05-02 13:00:12'),
	(194, 0, 46, 1, '2019-05-02 13:00:12'),
	(195, 0, 47, 1, '2019-05-02 13:00:12'),
	(196, 0, 48, 1, '2019-05-02 13:00:12'),
	(197, 0, 49, 1, '2019-05-02 13:00:12'),
	(198, 0, 50, 1, '2019-05-02 13:00:12'),
	(199, 0, 56, 1, '2019-05-02 13:00:12'),
	(200, 0, 57, 1, '2019-05-02 13:00:13'),
	(201, 0, 58, 1, '2019-05-02 13:00:13'),
	(202, 0, 59, 1, '2019-05-02 13:00:13'),
	(203, 0, 60, 1, '2019-05-02 13:00:13'),
	(204, 0, 61, 1, '2019-05-02 13:00:13'),
	(205, 0, 62, 1, '2019-05-02 13:00:13'),
	(206, 0, 63, 1, '2019-05-02 13:00:13'),
	(207, 0, 64, 1, '2019-05-02 13:00:13'),
	(208, 0, 65, 1, '2019-05-02 13:00:13'),
	(209, 0, 66, 1, '2019-05-02 13:00:13'),
	(210, 0, 67, 1, '2019-05-02 13:00:13'),
	(211, 0, 68, 1, '2019-05-02 13:00:13'),
	(212, 0, 69, 1, '2019-05-02 13:00:13'),
	(213, 0, 70, 1, '2019-05-02 13:00:13'),
	(214, 0, 71, 1, '2019-05-02 13:00:13'),
	(215, 0, 72, 1, '2019-05-02 13:00:13'),
	(216, 0, 74, 1, '2019-05-02 13:00:13'),
	(217, 0, 75, 1, '2019-05-02 13:00:13'),
	(218, 0, 76, 1, '2019-05-02 13:00:13'),
	(219, 0, 77, 1, '2019-05-02 13:00:13'),
	(220, 0, 78, 1, '2019-05-02 13:00:13'),
	(366, 1, 1, 1, '2019-05-02 17:50:16'),
	(367, 1, 2, 1, '2019-05-02 17:50:16'),
	(368, 1, 3, 1, '2019-05-02 17:50:16'),
	(369, 1, 4, 1, '2019-05-02 17:50:16'),
	(370, 1, 5, 1, '2019-05-02 17:50:16'),
	(371, 1, 6, 1, '2019-05-02 17:50:16'),
	(372, 1, 7, 1, '2019-05-02 17:50:16'),
	(373, 1, 8, 1, '2019-05-02 17:50:17'),
	(374, 1, 9, 1, '2019-05-02 17:50:17'),
	(375, 1, 10, 1, '2019-05-02 17:50:17'),
	(376, 1, 11, 1, '2019-05-02 17:50:17'),
	(377, 1, 12, 1, '2019-05-02 17:50:17'),
	(378, 1, 13, 1, '2019-05-02 17:50:17'),
	(379, 1, 14, 1, '2019-05-02 17:50:17'),
	(380, 1, 15, 1, '2019-05-02 17:50:17'),
	(381, 1, 16, 1, '2019-05-02 17:50:17'),
	(382, 1, 17, 1, '2019-05-02 17:50:17'),
	(383, 1, 18, 1, '2019-05-02 17:50:17'),
	(384, 1, 19, 1, '2019-05-02 17:50:17'),
	(385, 1, 20, 1, '2019-05-02 17:50:17'),
	(386, 1, 21, 1, '2019-05-02 17:50:17'),
	(387, 1, 22, 1, '2019-05-02 17:50:17'),
	(388, 1, 23, 1, '2019-05-02 17:50:17'),
	(389, 1, 24, 1, '2019-05-02 17:50:17'),
	(390, 1, 25, 1, '2019-05-02 17:50:17'),
	(391, 1, 26, 1, '2019-05-02 17:50:17'),
	(392, 1, 27, 1, '2019-05-02 17:50:17'),
	(393, 1, 28, 1, '2019-05-02 17:50:17'),
	(394, 1, 29, 1, '2019-05-02 17:50:17'),
	(395, 1, 30, 1, '2019-05-02 17:50:17'),
	(396, 1, 31, 1, '2019-05-02 17:50:17'),
	(397, 1, 32, 1, '2019-05-02 17:50:17'),
	(398, 1, 33, 1, '2019-05-02 17:50:17'),
	(399, 1, 34, 1, '2019-05-02 17:50:17'),
	(400, 1, 35, 1, '2019-05-02 17:50:17'),
	(401, 1, 36, 1, '2019-05-02 17:50:18'),
	(402, 1, 37, 1, '2019-05-02 17:50:18'),
	(403, 1, 38, 1, '2019-05-02 17:50:18'),
	(404, 1, 39, 1, '2019-05-02 17:50:18'),
	(405, 1, 40, 1, '2019-05-02 17:50:18'),
	(406, 1, 41, 1, '2019-05-02 17:50:18'),
	(407, 1, 42, 1, '2019-05-02 17:50:18'),
	(408, 1, 43, 1, '2019-05-02 17:50:18'),
	(409, 1, 44, 1, '2019-05-02 17:50:18'),
	(410, 1, 45, 1, '2019-05-02 17:50:18'),
	(411, 1, 46, 1, '2019-05-02 17:50:18'),
	(412, 1, 47, 1, '2019-05-02 17:50:18'),
	(413, 1, 48, 1, '2019-05-02 17:50:18'),
	(414, 1, 49, 1, '2019-05-02 17:50:18'),
	(415, 1, 50, 1, '2019-05-02 17:50:18'),
	(416, 1, 56, 1, '2019-05-02 17:50:18'),
	(417, 1, 57, 1, '2019-05-02 17:50:18'),
	(418, 1, 58, 1, '2019-05-02 17:50:18'),
	(419, 1, 59, 1, '2019-05-02 17:50:18'),
	(420, 1, 60, 1, '2019-05-02 17:50:18'),
	(421, 1, 61, 1, '2019-05-02 17:50:18'),
	(422, 1, 62, 1, '2019-05-02 17:50:18'),
	(423, 1, 63, 1, '2019-05-02 17:50:18'),
	(424, 1, 64, 1, '2019-05-02 17:50:18'),
	(425, 1, 65, 1, '2019-05-02 17:50:18'),
	(426, 1, 66, 1, '2019-05-02 17:50:18'),
	(427, 1, 67, 1, '2019-05-02 17:50:18'),
	(428, 1, 68, 1, '2019-05-02 17:50:18'),
	(429, 1, 69, 1, '2019-05-02 17:50:19'),
	(430, 1, 70, 1, '2019-05-02 17:50:19'),
	(431, 1, 71, 1, '2019-05-02 17:50:19'),
	(432, 1, 72, 1, '2019-05-02 17:50:19'),
	(433, 1, 74, 1, '2019-05-02 17:50:19'),
	(434, 1, 75, 1, '2019-05-02 17:50:19'),
	(435, 1, 76, 1, '2019-05-02 17:50:19'),
	(436, 1, 77, 1, '2019-05-02 17:50:19'),
	(437, 1, 78, 1, '2019-05-02 17:50:19'),
	(438, 1, 80, 1, '2019-05-02 17:50:19'),
	(439, 1, 81, 1, '2019-05-02 17:50:19');
/*!40000 ALTER TABLE `permisos_perfil` ENABLE KEYS */;

-- Volcando estructura para tabla bd_s3k_tombolacuy_local.pozo_jackpot
CREATE TABLE IF NOT EXISTS `pozo_jackpot` (
  `idPozoJackpot` int(10) unsigned NOT NULL AUTO_INCREMENT,
  `idJackpot` int(10) unsigned DEFAULT NULL,
  `idTicketGanador` bigint(20) unsigned DEFAULT NULL,
  `idMoneda` int(10) unsigned DEFAULT NULL,
  `numeroPozo` int(11) DEFAULT NULL,
  `montoBase` decimal(18,2) DEFAULT NULL,
  `montoBaseOculto` decimal(18,2) DEFAULT NULL,
  `incrementoJackpot` decimal(18,2) DEFAULT NULL,
  `incrementoPozoOculto` decimal(18,2) DEFAULT NULL,
  `limiteInferior` decimal(18,2) DEFAULT NULL,
  `limiteInferiorOculto` decimal(18,2) DEFAULT NULL,
  `limiteSuperior` decimal(18,2) DEFAULT NULL,
  `limiteSuperiorOculto` decimal(18,2) DEFAULT NULL,
  `estado` int(11) DEFAULT NULL,
  PRIMARY KEY (`idPozoJackpot`),
  KEY `pozo_jackpot_fk1` (`idJackpot`),
  CONSTRAINT `pozo_jackpot_fk1` FOREIGN KEY (`idJackpot`) REFERENCES `jackpot` (`idJackpot`)
) ENGINE=InnoDB DEFAULT CHARSET=utf8mb4 COLLATE=utf8mb4_unicode_ci;

-- Volcando datos para la tabla bd_s3k_tombolacuy_local.pozo_jackpot: ~0 rows (aproximadamente)
/*!40000 ALTER TABLE `pozo_jackpot` DISABLE KEYS */;
/*!40000 ALTER TABLE `pozo_jackpot` ENABLE KEYS */;

-- Volcando estructura para tabla bd_s3k_tombolacuy_local.pozo_online
CREATE TABLE IF NOT EXISTS `pozo_online` (
  `idPozoOnline` int(10) unsigned NOT NULL AUTO_INCREMENT,
  `idPozoJackpot` int(10) unsigned DEFAULT NULL,
  `montoActual` decimal(18,2) DEFAULT NULL,
  `montoPozoOculto` decimal(18,2) DEFAULT NULL,
  `estado` int(11) DEFAULT NULL,
  PRIMARY KEY (`idPozoOnline`),
  KEY `pozo_online_fk1` (`idPozoJackpot`),
  CONSTRAINT `pozo_online_fk1` FOREIGN KEY (`idPozoJackpot`) REFERENCES `pozo_jackpot` (`idPozoJackpot`)
) ENGINE=InnoDB DEFAULT CHARSET=utf8mb4 COLLATE=utf8mb4_unicode_ci;

-- Volcando datos para la tabla bd_s3k_tombolacuy_local.pozo_online: ~0 rows (aproximadamente)
/*!40000 ALTER TABLE `pozo_online` DISABLE KEYS */;
/*!40000 ALTER TABLE `pozo_online` ENABLE KEYS */;

-- Volcando estructura para tabla bd_s3k_tombolacuy_local.punto_venta
CREATE TABLE IF NOT EXISTS `punto_venta` (
  `idPuntoVenta` int(10) unsigned NOT NULL AUTO_INCREMENT,
  `idEmpresa` int(10) unsigned DEFAULT NULL,
  `idUbigeo` int(10) unsigned DEFAULT NULL,
  `nombre` varchar(50) COLLATE utf8mb4_unicode_ci DEFAULT NULL,
  `ZonaComercial` int(11) DEFAULT NULL,
  `cc_id` varchar(50) COLLATE utf8mb4_unicode_ci DEFAULT '0',
  `unit_ids` varchar(50) COLLATE utf8mb4_unicode_ci DEFAULT NULL,
  PRIMARY KEY (`idPuntoVenta`),
  KEY `punto_venta_fk1` (`idEmpresa`),
  KEY `punto_venta_fk2` (`idUbigeo`)
) ENGINE=InnoDB AUTO_INCREMENT=260 DEFAULT CHARSET=utf8mb4 COLLATE=utf8mb4_unicode_ci;

-- Volcando datos para la tabla bd_s3k_tombolacuy_local.punto_venta: ~259 rows (aproximadamente)
/*!40000 ALTER TABLE `punto_venta` DISABLE KEYS */;
INSERT INTO `punto_venta` (`idPuntoVenta`, `idEmpresa`, `idUbigeo`, `nombre`, `ZonaComercial`, `cc_id`, `unit_ids`) VALUES
	(1, NULL, 1698, 'Pecsa Piura 01', 1, '4739', '91453'),
	(2, 1, 1247, 'El Golf', 1, '4708', '81115'),
	(3, NULL, 1343, 'Cix Centro 1', 1, '4712', '81122,91435,81123'),
	(4, NULL, 1247, 'Grifo Pecsa', 1, '4709', '91307,587856'),
	(5, NULL, 1343, 'Farma-Cuglievan', 1, '4705', '91324'),
	(6, NULL, 1385, 'San Juan de Miraflores 01', 3, '4716', '91266'),
	(7, NULL, 1895, 'Tarapoto 01', 2, '4714', '91327'),
	(8, NULL, 1385, 'Villa El Salvador', 3, '4715', '80942'),
	(9, NULL, 1895, 'Moyobamba 01', 2, '4719', '91450'),
	(10, NULL, 1385, 'San Juan de Miraflores 02', 3, '4717', '81128'),
	(11, NULL, 1385, 'Salamanca 01', 3, '4720', '91330'),
	(12, NULL, 1385, 'San martin de Porres 01', 3, '4723', '91347'),
	(13, NULL, 1343, 'Lambayeque 01', 1, '4722', '91445'),
	(14, NULL, 976, 'Huanuco 01', 3, '4724', '91437'),
	(15, NULL, 1247, 'Casino Vallejo 777', 1, '4732', '91321'),
	(16, NULL, 1247, 'Casino España', 1, '4733', '91402'),
	(17, NULL, 1385, 'Santa Anita', 3, '4721', '83465'),
	(18, NULL, 1247, 'Casino Gangas', 1, '4784', '91405'),
	(19, NULL, 1247, 'Casino Star', 1, '4761', '91310'),
	(20, NULL, 93, 'Sport Bar Miami', 1, '4783', '91433'),
	(21, NULL, 1983, 'Casino Damasco', 4, '4781', '91465'),
	(22, NULL, 1385, 'Casino Mambo Jambo', 3, '4763', '102539'),
	(23, NULL, 1343, 'Casino Las Musas', 1, '4790', '91318'),
	(24, NULL, 1385, 'The corner', 3, '4728', '108336'),
	(25, NULL, 1343, 'APT Plaza Civica', 1, '3075', '85057,84690,85595'),
	(26, NULL, 1247, 'Moulin Rouge Trujillo', 1, '4785', '89931'),
	(27, NULL, 1247, 'Tienda Monserrate', 1, '4767', '90514'),
	(28, NULL, 1895, 'Nueva Cajamarca', 2, '4768', '91732'),
	(29, NULL, 1385, 'APT San Juan', 3, '3072', '91735'),
	(30, NULL, 2015, 'Casino La Cascada', 1, '4782', '93079'),
	(31, NULL, 93, 'Moulin Rouge Chimbote', 1, '4788', '93221'),
	(32, NULL, 1343, 'Los Pueblos', 1, '4745', '103565'),
	(33, NULL, 1385, 'Galeria Wilson', 3, '4749', '95531'),
	(34, NULL, 1698, 'River Front', 1, '4746', '95112'),
	(35, NULL, 1343, 'El Dorado', 1, '3074', '97358'),
	(36, NULL, 1385, 'Tienda Aviación', 3, '4736', '96118'),
	(37, NULL, 1247, 'La Arboleda', 1, '4748', '96140'),
	(38, NULL, 93, 'Pacifico', 1, '4744', '96213'),
	(39, NULL, 1247, 'UCV Los Pinos', 1, '4701', '96513'),
	(40, NULL, 1385, 'Tienda Huaralino', 3, '4703', '96659'),
	(41, NULL, 1895, 'Tienda Rioja', 2, '4737', '96662'),
	(42, NULL, 1895, 'Tienda Juanjuí', 2, '4771', '96666'),
	(43, NULL, 1385, 'Tienda Barranca', 3, '4702', '96672'),
	(44, NULL, 1567, 'Tienda Yurimaguas', 2, '4772', '96675'),
	(45, NULL, 1385, 'APT Ate', 3, '3041', '96768'),
	(46, NULL, 368, 'Tienda AD Progreso', 4, '4757', '97053'),
	(47, NULL, 368, 'Tienda AD Cayma', 4, '4758', '97056'),
	(48, NULL, 368, 'Tienda AD Rivero', 4, '4755', '97059'),
	(49, NULL, 1385, 'Tienda AD Las Flores', 3, '4754', '97125'),
	(50, NULL, 1385, 'Tienda AD Julio Felipe', 3, '4753', '97129'),
	(51, NULL, 93, 'Mcdo. Buenos Aires', 1, '4759', '97211'),
	(52, NULL, 1385, 'APT Benavides', 3, '3056', '97925'),
	(53, NULL, 1385, 'AD Ica Cercado', 3, '3001', '97517'),
	(54, NULL, 1385, 'AD Manco Capac', 3, '4756', '97546'),
	(55, NULL, 1385, 'AD Petit Thouars', 3, '4774', '97557'),
	(56, NULL, 1385, 'AD Los Cedros Chorrillos', 3, '4765', '97560'),
	(57, NULL, 1385, 'AD Flores Galindo', 3, '4769', '97564'),
	(58, NULL, 2032, 'AD La Playa Ventanilla', 3, '4770', '97636'),
	(59, NULL, 1385, 'Sport Lounge King Palace', 3, '4792', '97841'),
	(60, NULL, 93, '27 de Noviembre', 1, '3002', '97828'),
	(61, NULL, 93, 'Universitaria', 1, '3006', '97833'),
	(62, NULL, 1983, 'Tienda AD Gregorio Albarracín', 4, '3059', '98068'),
	(63, NULL, 1983, 'Tienda AD Pocollay', 4, '3022', '98071'),
	(64, NULL, 1983, 'Tienda AD Alto Lima', 4, '3024', '98074'),
	(65, NULL, 1983, 'Tienda AD Basadre y Forero', 4, '3025', '98077'),
	(66, NULL, 1343, 'AD Los Andenes', 1, '4777', '98229'),
	(67, NULL, 1641, 'AD Ilo Moquegua', 4, '3030', '98357'),
	(68, NULL, 93, 'Nepeña', 1, '3005', '98402'),
	(69, NULL, 610, 'AD Simon Bolivar Jaen', 1, '4775', '98432'),
	(70, NULL, 1247, 'San Andrés', 1, '3003', '98436'),
	(71, NULL, 1641, 'AD Plaza Moquegua', 4, '3029', '98439'),
	(72, NULL, 1641, 'AD Omate Moquegua', 4, '3028', '98442'),
	(73, NULL, 1385, 'AD Garcilaso de la Vega Lima', 3, '4776', '98545'),
	(74, NULL, 1895, 'AD Tahuantinsuyo Tarapoto', 2, '3007', '98474'),
	(75, NULL, 1343, 'AD Agricultura', 1, '3014', '98479'),
	(76, NULL, 1343, 'AD Real Plaza', 1, '3016', '98531'),
	(77, NULL, 1343, 'AD Ferreñafe', 1, '3054', '98606'),
	(78, NULL, 1343, 'AD Grifo Romar Chiclayo', 1, '3067', '98793'),
	(79, NULL, 1385, 'APT Canto Grande', 3, '3073', '98723'),
	(80, NULL, 1385, 'AD Angamos Surquillo', 3, '3012', '98963'),
	(81, NULL, 1385, 'AD Alfredo Mendiola Los Olivos', 3, '3008', '98968'),
	(82, NULL, 1385, 'AD Mariano Melgar VMT', 3, '3010', '99067'),
	(83, NULL, 1385, 'AD Villa María 130', 3, '3011', '99070'),
	(84, NULL, 1385, 'AD Los Manzanos Comas', 3, '3020', '99073'),
	(85, NULL, 1385, 'AD Colonial Cercado', 3, '3021', '99077'),
	(86, NULL, 1385, 'El Trigal Surco', 3, '4779', '99080'),
	(87, NULL, 1385, 'AD Huandoy Los Olivos', 3, '3017', '99083'),
	(88, NULL, 368, 'AD Repsol Zamacola', 4, '3070', '99157'),
	(89, NULL, 368, 'AD Repsol Progreso', 4, '3068', '99160'),
	(90, NULL, 368, 'AD Repsol Umacollo', 4, '3069', '99164'),
	(91, NULL, 1385, 'AD El Reloj', 3, '4747', '99259'),
	(92, NULL, 1698, 'AD San Martín Sullana', 1, '3037', '99211'),
	(93, NULL, 1698, 'AD Libertad Piura', 1, '3052', '99216'),
	(94, NULL, 1698, 'AD Grau Talara', 1, '3038', '99264'),
	(95, NULL, 1698, 'AD Sanchez Cerro Piura', 1, '3027', '99267'),
	(96, NULL, 1247, 'AD Primavera', 1, '3004', '99336'),
	(97, NULL, 1385, 'AD Sucre Pueblo Libre', 3, '3049', '99439'),
	(98, NULL, 1385, 'AD Paseo San Juan', 3, '3013', '99442'),
	(99, NULL, 1385, 'AD Esquina del pueblo joven', 3, '4778', '99445'),
	(100, NULL, 2032, 'AD Faucett Callao', 3, '3055', '99448'),
	(101, NULL, 1385, 'AD Universitaria San Miguel', 3, '3047', '99451'),
	(102, NULL, 1385, 'AD Olguín Surco', 3, '3018', '99454'),
	(103, NULL, 1385, 'AD Scrash', 3, '3053', '99458'),
	(104, NULL, 1385, 'Sport Lounge MegaCasino', 3, '4786', '99741'),
	(105, NULL, 486, 'AD Jr Callao Ayacucho', 4, '3039', '99732'),
	(106, NULL, 486, 'AD Jr Cuzco Ayacucho', 4, '3031', '99679'),
	(107, NULL, 1385, 'AD Revolución Comas', 3, '3057', '99735'),
	(108, NULL, 1385, 'AD Central Olivos', 3, '3026', '99811'),
	(109, NULL, 1385, 'AD Contisuyo Independencia', 3, '3050', '99814'),
	(110, NULL, 1385, 'AD Puente Piedra', 3, '3058', '99817'),
	(111, NULL, 1385, 'AD Repsol Santa Catalina', 3, '3062', '99820'),
	(112, NULL, 1247, 'AD Chepén Centro Poblado', 1, '3009', '100106'),
	(113, NULL, 610, 'AD Apurímac', 1, '3035', '100111'),
	(114, NULL, 610, 'AD Los Héroes', 1, '3036', '100114'),
	(115, NULL, 93, 'AD Huarmey Alberto Reyes', 1, '3040', '100117'),
	(116, NULL, 1247, 'AD Huamachuco Ramón Castilla', 1, '3042', '100120'),
	(117, NULL, 610, 'AD Bambamarca', 1, '3044', '100123'),
	(118, NULL, 610, 'AD Comercio', 1, '3045', '100126'),
	(119, NULL, 1247, 'AD Pacasmayo', 1, '3071', '100177'),
	(120, NULL, 610, 'AD 02 de Mayo Celendín', 1, '3065', '100183'),
	(121, NULL, 1065, 'AD Pisco', 4, '3063', '100129'),
	(122, NULL, 1385, 'AD Imperial Cañete', 3, '3023', '100256'),
	(123, NULL, 1065, 'AD Nazca', 4, '3048', '100259'),
	(124, NULL, 1385, 'Mariategui Ate', 3, '3051', '100304'),
	(125, NULL, 610, 'AD Jr Cajamarca Chota', 1, '3043', '100298'),
	(126, NULL, 610, 'AD Jr Ramon Castilla Cutervo', 1, '3046', '100312'),
	(127, NULL, 1385, 'AD Repsol Los Sauces', 3, '3061', '106654'),
	(128, NULL, 1, 'AD Jr Dos de Mayo Chachapoyas', 2, '3064', '100415'),
	(129, NULL, 1, 'AD Jr San Martin Bagua', 2, '3066', '100452'),
	(130, NULL, 1385, 'Tienda Julio C Tello', 3, '3019', '100687'),
	(131, NULL, 1385, 'Tienda Omega', 3, '3076', '100732'),
	(132, NULL, 1343, 'AD Bolognesi', 1, '3078', '100825'),
	(133, NULL, 1343, 'AD Metro Santa Elena', 1, '3033', '100821'),
	(134, NULL, 1385, 'AD Metro Canada', 3, '4740', '101060'),
	(135, NULL, 1385, 'Metro San Juan de Lurigancho', 3, '4704', '101063'),
	(136, NULL, 1385, 'AD Metro Emancipacion', 3, '4734', '101020'),
	(137, NULL, 1385, 'AD Metro La Marina', 3, '3032', '101023'),
	(138, NULL, 1385, 'AD Metro Colonial', 3, '4738', '101026'),
	(139, NULL, 1385, 'AD Metro Pershing', 3, '3034', '101029'),
	(140, NULL, 2032, 'AD Metro Bellavista', 3, '4750', '101032'),
	(141, NULL, 1343, 'AD Miraflores Chiclayo', 1, '3077', '101074'),
	(142, NULL, 1114, 'Metro Chilca Huancayo', 3, '4752', '101251'),
	(143, NULL, 1385, 'AD Metro Uni', 3, '4706', '103268'),
	(144, NULL, 1385, 'Tomas Marsano', 3, '3079', '103476'),
	(145, NULL, 1385, 'Just Play', 3, '3090', '107314'),
	(146, NULL, 1385, 'Estación Ayacucho', 3, '3080', '104866'),
	(147, NULL, 1385, 'Villa María 02', 3, '3081', '105284'),
	(148, NULL, 1385, 'AT Tomas Valle', 3, '3082', '106145'),
	(149, NULL, 1247, 'AT Bomberos España', 1, '3086', '105401'),
	(150, NULL, 1247, 'AT Pecsa II', 1, '4731', '105397'),
	(151, NULL, 1247, 'AT La Esperanza', 1, '3085', '105562'),
	(152, NULL, 1385, 'AT Unger', 3, '3083', '105826'),
	(153, NULL, 1385, 'AT Metro Faucett', 3, '4707', '105830'),
	(154, NULL, 1385, 'AT Jr. Arequipa Comas', 3, '3091', '105828'),
	(155, NULL, 1385, 'AT Villaran', 3, '3089', '106154'),
	(156, NULL, 1385, 'AT Velasco Alvarado', 3, '3084', '106250'),
	(157, NULL, 1385, 'AT Benjamin Vizquerra - Huaral', 3, '3115', '106340'),
	(158, NULL, 1385, 'AT Nicolas de Pierola Lima', 3, '3088', '106336'),
	(159, NULL, 1385, 'AT Gran Chimu - SJL', 3, '3106', '106343'),
	(160, NULL, 1385, 'AT Venezuela', 3, '3097', '106346'),
	(161, NULL, 1385, 'AT Jiron Huanuco La Victoria', 3, '3098', '106350'),
	(162, NULL, 1385, 'AT Mariscal Caceres SJL', 3, '3087', '106355'),
	(163, NULL, 751, 'AT Arcopunco', 4, '3104', '106388'),
	(164, NULL, 751, 'AT Los Incas', 4, '3105', '106483'),
	(165, NULL, 751, 'AT Belen', 4, '3116', '106486'),
	(166, NULL, 751, 'AT Huayna Capac', 4, '3119', '106490'),
	(167, NULL, 1385, 'AT Av Peru SMP', 3, '3114', '106627'),
	(168, NULL, 1385, 'AT Belaunde - Comas', 3, '3113', '106630'),
	(169, NULL, 1385, 'AT Proceres de Independencia - SJL', 3, '3101', '106639'),
	(170, NULL, 1385, 'AT Huarochiri - Santa Anita', 3, '3107', '106642'),
	(171, NULL, 1343, 'AT Morrope - Lambayeque', 1, '3093', '106729'),
	(172, NULL, 1343, 'AT Tuman', 1, '3096', '106734'),
	(173, NULL, 1343, 'AT Monsefu - Lambayeque', 1, '3092', '106737'),
	(174, NULL, 1343, 'AT Eten', 1, '3122', '106743'),
	(175, NULL, 1698, 'AT Sullana - Piura', 1, '3103', '106924'),
	(176, NULL, 2015, 'AT Puyango - Tumbes', 1, '3111', '106897'),
	(177, NULL, 2015, 'AT Aguas Verdes - Tumbes', 1, '3102', '106979'),
	(178, NULL, 1698, 'AT Chulucanas', 1, '3120', '107500'),
	(179, NULL, 2032, 'AT Los Condores Callao', 3, '3099', '107062'),
	(180, NULL, 1772, 'AT Desaguadero', 4, '3121', '107235'),
	(181, NULL, 1385, 'AT Nicolas de Ayllon', 3, '3124', '107509'),
	(182, NULL, 1343, 'AT Motupe', 1, '3150', '107637'),
	(183, NULL, 1343, 'AT Mochumi', 1, '3142', '107640'),
	(184, NULL, 1385, 'AT Defensores del Morro Chorrillos', 3, '3100', '107553'),
	(185, NULL, 2015, 'AT Zarumilla', 1, '3135', '107634'),
	(186, NULL, 2015, 'AT Mariscal Castilla', 1, '3133', '109252'),
	(187, NULL, 1385, 'AT Justo Naveda', 3, '3140', '107557'),
	(188, NULL, 1385, 'AT Metro Miotta', 3, '3129', '107560'),
	(189, NULL, 1385, 'AT Joaquin Torrico', 3, '3109', '107563'),
	(190, NULL, 1385, 'AT Metro Huaylas', 3, '3126', '107566'),
	(191, NULL, 1385, 'AT UPC Primavera', 3, '3123', '107569'),
	(192, NULL, 1385, 'AT Isabel La Catolica', 3, '3141', '107573'),
	(193, NULL, 1385, 'AT Reynaldo Saavedra', 3, '3131', '107576'),
	(194, NULL, 1385, 'AT Bolivia', 3, '3108', '107579'),
	(195, NULL, 1385, 'AT Sanchez Carrion', 3, '3137', '107582'),
	(196, NULL, 1385, 'AT Jr Loreto', 3, '3118', '107585'),
	(197, NULL, 1385, 'AT Santa Beatriz', 3, '3139', '107589'),
	(198, NULL, 1385, 'AT Stravinski', 3, '3147', '107592'),
	(199, NULL, 1385, 'AT Av del Aire', 3, '3110', '107595'),
	(200, NULL, 1385, 'AT Emancipacion', 3, '3132', '107598'),
	(201, NULL, 1385, 'RP Estacion Central', 3, '3155', '107601'),
	(202, NULL, 1385, 'Av Tupac Amaru', 3, '3125', '107604'),
	(203, NULL, 1385, 'AT Ricardo Palma', 3, '3153', '107607'),
	(204, NULL, 976, 'AT Real Plaza Huanuco', 3, '3095', '107610'),
	(205, NULL, 1385, 'AT Habich', 3, '3154', '107676'),
	(206, NULL, 1385, 'AT Montenegro', 3, '3157', '107894'),
	(207, NULL, 1385, 'AT Alhambra', 3, '3160', '107887'),
	(208, NULL, 1247, 'AT Otuzco', 1, '3117', '107920'),
	(209, NULL, 1247, 'AT Primax Pacasmayo', 1, '3130', '107923'),
	(210, NULL, 93, 'AT Santa Ancash ', 1, '3094', '107926'),
	(211, NULL, 1247, 'AT Repsol Av Peru', 1, '3138', '107929'),
	(212, NULL, 1247, 'AT Avenida Larco', 1, '3159', '107932'),
	(213, NULL, 1247, 'AT Pecsa El Bosque', 1, '3170', '107935'),
	(214, NULL, 1385, 'AT Napo San Miguel', 3, '3158', '108017'),
	(215, NULL, 1385, 'AT Villa Chorrillos', 3, '3164', '108311'),
	(216, NULL, 1385, 'AT Las Palmeras', 3, '3163', '108255'),
	(217, NULL, 2032, 'AT Saenz Peña', 3, '3167', '108427'),
	(218, NULL, 1895, 'AT Soritor', 2, '3112', '108439'),
	(219, NULL, 1895, 'AT 25 de Mayo', 2, '3161', '108600'),
	(220, NULL, 1385, 'AT UNI', 3, '3136', '108472'),
	(221, NULL, 1385, 'AT AVA Republica de Panama', 3, '3172', '108484'),
	(222, NULL, 1385, 'AT Avenida la Marina', 3, '3168', '108679'),
	(223, NULL, 1385, 'AT Caqueta', 3, '3175', '108682'),
	(224, NULL, 2040, 'AT 07 Junio Pucallpa', 2, '3152', '108798'),
	(225, NULL, 1385, 'AT Repsol Pariachi', 3, '3162', '108843'),
	(226, NULL, 2040, 'AT Plaza de armas Pucallpa', 2, '3151', '108848'),
	(227, NULL, 2040, 'AT Coronel Portillo', 2, '3134', '108852'),
	(228, NULL, 1385, 'AT Ugarteche', 3, '3169', '108855'),
	(229, NULL, 1385, 'AT La Fontana', 3, '3156', '108859'),
	(230, NULL, 1385, 'AT Pirámide Del Sol', 3, '3173', '109050'),
	(231, NULL, 1567, 'AT Pevas', 2, '3143', '109061'),
	(232, NULL, 1567, 'AT Jr Huallaga', 2, '3144', '109066'),
	(233, NULL, 1567, 'AT Punchana', 2, '3145', '109069'),
	(234, NULL, 1567, 'AT Sargento Lores', 2, '3149', '109072'),
	(235, NULL, 1385, 'AT Eucaliptos', 3, '3166', '109114'),
	(236, NULL, 2032, 'AT Mi Perú', 3, '3179', '109249'),
	(237, NULL, 1385, 'AT Huacho', 3, '3174', '109201'),
	(238, NULL, 1385, 'AT Kapital', 3, '3165', '109284'),
	(239, NULL, 1114, 'AT Primax Huancayo', 3, '3171', '109381'),
	(240, NULL, 1772, 'AT El Sol', 4, '3190', '109722'),
	(241, NULL, 1772, 'AT Santa Barbara', 4, '3189', '109719'),
	(242, NULL, 1385, 'AT Arenales', 3, '3185', '109930'),
	(243, NULL, 1385, 'AT Eyzaguirre', 3, '3188', '109841'),
	(244, NULL, 2032, 'AT U del Callao', 3, '3183', '109815'),
	(245, NULL, 2032, 'AT Pachacutec', 3, '3176', '109819'),
	(246, NULL, 1385, 'AT Jiron Huascar', 3, '3186', '109938'),
	(247, NULL, 1385, 'AT Mercado Alvarado', 3, '3181', '109835'),
	(248, NULL, 1385, 'AT UTP Mendiola', 3, '3187', '109812'),
	(249, NULL, 1385, 'AT Honorio Delgado', 3, '3184', '109838'),
	(250, NULL, 93, 'AT Caraz', 1, '3177', '110046'),
	(251, NULL, 1385, 'AT San Luis', 3, '3202', '110581'),
	(252, NULL, 1385, 'AT Honradez', 3, '3201', '110610'),
	(253, NULL, 1385, 'AT Metro Plaza  Norte', 3, '3128', '110613'),
	(254, NULL, 1385, 'AT Pecsa Gamarra', 3, '3217', '110616'),
	(255, NULL, 1385, 'AT Av Colonia', 3, '3193', '110619'),
	(256, NULL, 1343, 'AT Olmos', 1, '3180', '110703'),
	(257, NULL, 1385, 'AT Señor de los Milagros', 3, '3191', '110747'),
	(258, NULL, 1385, 'AT Rambla Breña', 3, '3211', '110744'),
	(259, NULL, 1385, 'AT Local Merprolima', 3, '3192', '110740');
/*!40000 ALTER TABLE `punto_venta` ENABLE KEYS */;

-- Volcando estructura para tabla bd_s3k_tombolacuy_local.punto_venta_tipo_alerta
CREATE TABLE IF NOT EXISTS `punto_venta_tipo_alerta` (
  `idPuntoVentaTipoAlerta` int(11) NOT NULL AUTO_INCREMENT,
  `idTipoAlerta` int(11) DEFAULT NULL,
  `idPuntoVenta` int(10) unsigned DEFAULT NULL,
  `monto` decimal(18,2) DEFAULT NULL,
  `asunto` varchar(200) DEFAULT NULL,
  `mensaje` text,
  `estado` tinyint(4) DEFAULT NULL,
  PRIMARY KEY (`idPuntoVentaTipoAlerta`),
  KEY `FK_punto_venta_tipo_alerta_tipo_alerta` (`idTipoAlerta`),
  KEY `FK_punto_venta_tipo_alerta_punto_venta` (`idPuntoVenta`),
  CONSTRAINT `FK_punto_venta_tipo_alerta_punto_venta` FOREIGN KEY (`idPuntoVenta`) REFERENCES `punto_venta` (`idPuntoVenta`),
  CONSTRAINT `FK_punto_venta_tipo_alerta_tipo_alerta` FOREIGN KEY (`idTipoAlerta`) REFERENCES `tipo_alerta` (`idTipoAlerta`)
) ENGINE=InnoDB AUTO_INCREMENT=2 DEFAULT CHARSET=latin1;

-- Volcando datos para la tabla bd_s3k_tombolacuy_local.punto_venta_tipo_alerta: ~1 rows (aproximadamente)
/*!40000 ALTER TABLE `punto_venta_tipo_alerta` DISABLE KEYS */;
INSERT INTO `punto_venta_tipo_alerta` (`idPuntoVentaTipoAlerta`, `idTipoAlerta`, `idPuntoVenta`, `monto`, `asunto`, `mensaje`, `estado`) VALUES
	(1, 1, 8, 10000.00, '12', '12', 0);
/*!40000 ALTER TABLE `punto_venta_tipo_alerta` ENABLE KEYS */;

-- Volcando estructura para tabla bd_s3k_tombolacuy_local.resultado_evento
CREATE TABLE IF NOT EXISTS `resultado_evento` (
  `idResultadosEvento` bigint(20) unsigned NOT NULL AUTO_INCREMENT,
  `idEvento` bigint(20) unsigned DEFAULT NULL,
  `multiplicadorApuestaGanada` decimal(18,2) DEFAULT NULL,
  `valorGanador` varchar(10) COLLATE utf8mb4_unicode_ci DEFAULT NULL,
  `idTipoPago` int(10) unsigned DEFAULT NULL,
  `estado` int(11) DEFAULT NULL COMMENT '0=Anulado\r\n1=Activo',
  `idTipoApuesta` int(11) DEFAULT NULL,
  PRIMARY KEY (`idResultadosEvento`),
  KEY `resultado_evento_fk1` (`idEvento`)
) ENGINE=InnoDB DEFAULT CHARSET=utf8mb4 COLLATE=utf8mb4_unicode_ci;

-- Volcando datos para la tabla bd_s3k_tombolacuy_local.resultado_evento: ~0 rows (aproximadamente)
/*!40000 ALTER TABLE `resultado_evento` DISABLE KEYS */;
/*!40000 ALTER TABLE `resultado_evento` ENABLE KEYS */;

-- Volcando estructura para tabla bd_s3k_tombolacuy_local.ticket
CREATE TABLE IF NOT EXISTS `ticket` (
  `idTicket` bigint(20) unsigned NOT NULL AUTO_INCREMENT,
  `idAperturaCaja` int(10) unsigned DEFAULT NULL,
  `idEvento` bigint(20) unsigned DEFAULT NULL,
  `codigoQR` varchar(10) COLLATE utf8mb4_unicode_ci DEFAULT NULL,
  `nroTicketParticipante` varchar(50) COLLATE utf8mb4_unicode_ci DEFAULT NULL,
  `ganador` int(11) DEFAULT NULL COMMENT '0=NoGano,1=gano',
  `estadoTicket` int(11) DEFAULT NULL COMMENT '0=Anulado\r\n1=Ejecucion\r\n2=Pagado\r\n3=Suspendido',
  `montoTotal` decimal(18,2) DEFAULT NULL,
  `fechaPago` datetime DEFAULT NULL,
  `idAperturaCajaPago` int(11) DEFAULT NULL,
  `fechaRegistro` datetime DEFAULT NULL,
  PRIMARY KEY (`idTicket`),
  KEY `ticket_fk1` (`idAperturaCaja`),
  KEY `ticket_fk2` (`idEvento`)
) ENGINE=InnoDB DEFAULT CHARSET=utf8mb4 COLLATE=utf8mb4_unicode_ci;

-- Volcando datos para la tabla bd_s3k_tombolacuy_local.ticket: ~0 rows (aproximadamente)
/*!40000 ALTER TABLE `ticket` DISABLE KEYS */;
/*!40000 ALTER TABLE `ticket` ENABLE KEYS */;

-- Volcando estructura para tabla bd_s3k_tombolacuy_local.tipo_alerta
CREATE TABLE IF NOT EXISTS `tipo_alerta` (
  `idTipoAlerta` int(11) NOT NULL AUTO_INCREMENT,
  `nombre` varchar(50) DEFAULT NULL,
  `monto` decimal(18,2) DEFAULT NULL,
  `estado` tinyint(1) DEFAULT NULL,
  `asunto` varchar(200) DEFAULT NULL,
  `mensaje` text,
  PRIMARY KEY (`idTipoAlerta`)
) ENGINE=InnoDB AUTO_INCREMENT=2 DEFAULT CHARSET=latin1;

-- Volcando datos para la tabla bd_s3k_tombolacuy_local.tipo_alerta: ~0 rows (aproximadamente)
/*!40000 ALTER TABLE `tipo_alerta` DISABLE KEYS */;
INSERT INTO `tipo_alerta` (`idTipoAlerta`, `nombre`, `monto`, `estado`, `asunto`, `mensaje`) VALUES
	(1, 'MAXIMA VENTA DIA\r\n', 10000.00, 1, 'MONTO MAXIMO VENTA PUNTO VENTA:XXXXX\r\n', 'EL PUNTO DE VENTA XXXXX LLEGÓ AL LÍMITE DE PREMIOS CON EL MONTO DE YYYYYY\r\n');
/*!40000 ALTER TABLE `tipo_alerta` ENABLE KEYS */;

-- Volcando estructura para tabla bd_s3k_tombolacuy_local.tipo_apuesta
CREATE TABLE IF NOT EXISTS `tipo_apuesta` (
  `idTipoApuesta` int(10) unsigned NOT NULL AUTO_INCREMENT,
  `idTipoPago` int(10) unsigned DEFAULT NULL,
  `valorapuesta` int(11) DEFAULT NULL,
  `nombre` varchar(50) COLLATE utf8mb4_unicode_ci DEFAULT NULL,
  `descripcion` varchar(50) COLLATE utf8mb4_unicode_ci DEFAULT NULL,
  `rgb` varchar(20) COLLATE utf8mb4_unicode_ci DEFAULT NULL,
  `estado` int(11) DEFAULT NULL,
  `rgbLetra` varchar(30) COLLATE utf8mb4_unicode_ci NOT NULL,
  PRIMARY KEY (`idTipoApuesta`),
  KEY `tipo_apuesta_fk1` (`idTipoPago`)
) ENGINE=InnoDB AUTO_INCREMENT=45 DEFAULT CHARSET=utf8mb4 COLLATE=utf8mb4_unicode_ci;

-- Volcando datos para la tabla bd_s3k_tombolacuy_local.tipo_apuesta: ~44 rows (aproximadamente)
/*!40000 ALTER TABLE `tipo_apuesta` DISABLE KEYS */;
INSERT INTO `tipo_apuesta` (`idTipoApuesta`, `idTipoPago`, `valorapuesta`, `nombre`, `descripcion`, `rgb`, `estado`, `rgbLetra`) VALUES
	(1, 1, 1, 'pleno', '1 pleno', '#16277D', 1, '#FFFFFF'),
	(2, 1, 2, 'pleno', '2 pleno', '#F9D716', 1, '#5B1312'),
	(3, 1, 3, 'pleno', '3 pleno', '#16277D', 1, '#FFFFFF'),
	(4, 1, 4, 'pleno', '4 pleno', '#F9D716', 1, '#5B1312'),
	(5, 1, 5, 'pleno', '5 pleno', '#16277D', 1, '#FFFFFF'),
	(6, 1, 6, 'pleno', '6 pleno', '#F9D716', 1, '#5B1312'),
	(7, 1, 7, 'pleno', '7 pleno', '#16277D', 1, '#FFFFFF'),
	(8, 1, 8, 'pleno', '8 pleno', '#F9D716', 1, '#5B1312'),
	(9, 1, 9, 'pleno', '9 pleno', '#16277D', 1, '#FFFFFF'),
	(10, 1, 10, 'pleno', '10 pleno', '#F9D716', 1, '#5B1312'),
	(11, 1, 11, 'pleno', '11 pleno', '#F9D716', 1, '#5B1312'),
	(12, 1, 12, 'pleno', '12 pleno', '#16277D', 1, '#FFFFFF'),
	(13, 1, 13, 'pleno', '13 pleno', '#F9D716', 1, '#5B1312'),
	(14, 1, 14, 'pleno', '14 pleno', '#16277D', 1, '#FFFFFF'),
	(15, 1, 15, 'pleno', '15 pleno', '#F9D716', 1, '#5B1312'),
	(16, 1, 16, 'pleno', '16 pleno', '#16277D', 1, '#FFFFFF'),
	(17, 1, 17, 'pleno', '17 pleno', '#F9D716', 1, '#5B1312'),
	(18, 1, 18, 'pleno', '18 pleno', '#16277D', 1, '#FFFFFF'),
	(19, 1, 19, 'pleno', '19 pleno', '#16277D', 1, '#FFFFFF'),
	(20, 1, 20, 'pleno', '20 pleno', '#F9D716', 1, '#5B1312'),
	(21, 1, 21, 'pleno', '21 pleno', '#16277D', 1, '#FFFFFF'),
	(22, 1, 22, 'pleno', '22 pleno', '#F9D716', 1, '#5B1312'),
	(23, 1, 23, 'pleno', '23 pleno', '#16277D', 1, '#FFFFFF'),
	(24, 1, 24, 'pleno', '24 pleno', '#F9D716', 1, '#5B1312'),
	(25, 1, 25, 'pleno', '25 pleno', '#16277D', 1, '#FFFFFF'),
	(26, 1, 26, 'pleno', '26 pleno', '#F9D716', 1, '#5B1312'),
	(27, 1, 27, 'pleno', '27 pleno', '#16277D', 1, '#FFFFFF'),
	(28, 1, 28, 'pleno', '28 pleno', '#F9D716', 1, '#5B1312'),
	(29, 1, 29, 'pleno', '29 pleno', '#F9D716', 1, '#5B1312'),
	(30, 1, 30, 'pleno', '30 pleno', '#16277D', 1, '#FFFFFF'),
	(31, 1, 31, 'pleno', '31 pleno', '#F9D716', 1, '#5B1312'),
	(32, 1, 32, 'pleno', '32 pleno', '#16277D', 1, '#FFFFFF'),
	(33, 1, 33, 'pleno', '33 pleno', '#F9D716', 1, '#5B1312'),
	(34, 1, 34, 'pleno', '34 pleno', '#16277D', 1, '#FFFFFF'),
	(35, 1, 35, 'pleno', '35 pleno', '#F9D716', 1, '#5B1312'),
	(36, 1, 36, 'pleno', '36 pleno', '#16277D', 1, '#FFFFFF'),
	(37, 2, -1, 'COLOR 1', 'COLOR 1', '#F9D716', 1, '#5B1312'),
	(38, 2, -1, 'COLOR 2', 'COLOR 2', '#16277D', 1, '#FFFFFF'),
	(39, 6, 0, 'CAJA B', 'CAJA BLOQUEDA', '#2d572c', 1, ''),
	(40, 5, -1, '1-12', '1-12', '#4D586C', 1, ''),
	(41, 5, -1, '13-24', '13-24', '#4D586C', 1, ''),
	(42, 5, -1, '25-36', '25-36', '#4D586C', 1, ''),
	(43, 3, -1, 'PAR', 'PAR', '#4D586C', 1, ''),
	(44, 3, -1, 'IMPAR', 'IMPAR', '#4D586C', 1, '');
/*!40000 ALTER TABLE `tipo_apuesta` ENABLE KEYS */;

-- Volcando estructura para tabla bd_s3k_tombolacuy_local.tipo_pago
CREATE TABLE IF NOT EXISTS `tipo_pago` (
  `idTipoPago` int(10) unsigned NOT NULL AUTO_INCREMENT,
  `nombre` varchar(50) COLLATE utf8mb4_unicode_ci DEFAULT NULL,
  `multiplicadorDefecto` decimal(18,2) DEFAULT NULL,
  `plenoMinimo` int(11) DEFAULT NULL,
  `plenoMaximo` int(11) DEFAULT NULL,
  `intercalado` int(11) DEFAULT NULL,
  `estado` int(11) DEFAULT NULL,
  PRIMARY KEY (`idTipoPago`)
) ENGINE=InnoDB AUTO_INCREMENT=7 DEFAULT CHARSET=utf8mb4 COLLATE=utf8mb4_unicode_ci;

-- Volcando datos para la tabla bd_s3k_tombolacuy_local.tipo_pago: ~6 rows (aproximadamente)
/*!40000 ALTER TABLE `tipo_pago` DISABLE KEYS */;
INSERT INTO `tipo_pago` (`idTipoPago`, `nombre`, `multiplicadorDefecto`, `plenoMinimo`, `plenoMaximo`, `intercalado`, `estado`) VALUES
	(1, 'Pleno', 24.00, 1, 24, 0, 1),
	(2, 'Color', 2.00, 1, 24, 0, 1),
	(3, 'Par e Impar', 2.00, 1, 24, 1, 1),
	(4, '1era, 2da, 3ra ½ docena', 3.00, 1, 24, 1, 1),
	(5, 'Del 1 al 12, 13 al 24', 2.00, 1, 24, 0, 1),
	(6, 'CajaBloqueada', 14.00, 0, 0, 0, 1);
/*!40000 ALTER TABLE `tipo_pago` ENABLE KEYS */;

-- Volcando estructura para tabla bd_s3k_tombolacuy_local.turno
CREATE TABLE IF NOT EXISTS `turno` (
  `idTurno` int(10) unsigned NOT NULL AUTO_INCREMENT,
  `nombre` varchar(50) COLLATE utf8mb4_unicode_ci DEFAULT NULL,
  `estado` int(11) NOT NULL,
  PRIMARY KEY (`idTurno`)
) ENGINE=InnoDB AUTO_INCREMENT=4 DEFAULT CHARSET=utf8mb4 COLLATE=utf8mb4_unicode_ci;

-- Volcando datos para la tabla bd_s3k_tombolacuy_local.turno: ~3 rows (aproximadamente)
/*!40000 ALTER TABLE `turno` DISABLE KEYS */;
INSERT INTO `turno` (`idTurno`, `nombre`, `estado`) VALUES
	(1, '1', 1),
	(2, '2', 1),
	(3, '3', 1);
/*!40000 ALTER TABLE `turno` ENABLE KEYS */;

-- Volcando estructura para tabla bd_s3k_tombolacuy_local.ubigeo
CREATE TABLE IF NOT EXISTS `ubigeo` (
  `idUbigeo` int(10) unsigned NOT NULL,
  `cod_depa` char(2) COLLATE utf8mb4_unicode_ci DEFAULT NULL,
  `cod_prov` char(2) COLLATE utf8mb4_unicode_ci DEFAULT NULL,
  `cod_dist` char(2) COLLATE utf8mb4_unicode_ci DEFAULT NULL,
  `nombre` varchar(100) COLLATE utf8mb4_unicode_ci DEFAULT NULL,
  `estado` tinyint(1) DEFAULT NULL,
  PRIMARY KEY (`idUbigeo`)
) ENGINE=InnoDB DEFAULT CHARSET=utf8mb4 COLLATE=utf8mb4_unicode_ci;

-- Volcando datos para la tabla bd_s3k_tombolacuy_local.ubigeo: ~2.059 rows (aproximadamente)
/*!40000 ALTER TABLE `ubigeo` DISABLE KEYS */;
INSERT INTO `ubigeo` (`idUbigeo`, `cod_depa`, `cod_prov`, `cod_dist`, `nombre`, `estado`) VALUES
	(1, '01', '00', '00', 'AMAZONAS', 1),
	(2, '01', '01', '00', 'CHACHAPOYAS', 1),
	(3, '01', '01', '01', 'CHACHAPOYAS', 1),
	(4, '01', '01', '02', 'ASUNCION', 1),
	(5, '01', '01', '03', 'BALSAS', 1),
	(6, '01', '01', '04', 'CHETO', 1),
	(7, '01', '01', '05', 'CHILIQUIN', 1),
	(8, '01', '01', '06', 'CHUQUIBAMBA', 1),
	(9, '01', '01', '07', 'GRANADA', 1),
	(10, '01', '01', '08', 'HUANCAS', 1),
	(11, '01', '01', '09', 'LA JALCA', 1),
	(12, '01', '01', '10', 'LEIMEBAMBA', 1),
	(13, '01', '01', '11', 'LEVANTO', 1),
	(14, '01', '01', '12', 'MAGDALENA', 1),
	(15, '01', '01', '13', 'MARISCAL CASTILLA', 1),
	(16, '01', '01', '14', 'MOLINOPAMPA', 1),
	(17, '01', '01', '15', 'MONTEVIDEO', 1),
	(18, '01', '01', '16', 'OLLEROS', 1),
	(19, '01', '01', '17', 'QUINJALCA', 1),
	(20, '01', '01', '18', 'SAN FRANCISCO DE DAGUAS', 1),
	(21, '01', '01', '19', 'SAN ISIDRO DE MAINO', 1),
	(22, '01', '01', '20', 'SOLOCO', 1),
	(23, '01', '01', '21', 'SONCHE', 1),
	(24, '01', '02', '00', 'BAGUA', 1),
	(25, '01', '02', '01', 'LA PECA', 1),
	(26, '01', '02', '02', 'ARAMANGO', 1),
	(27, '01', '02', '03', 'COPALLIN', 1),
	(28, '01', '02', '04', 'EL PARCO', 1),
	(29, '01', '02', '05', 'BAGUA', 1),
	(30, '01', '02', '06', 'IMAZA', 1),
	(31, '01', '03', '00', 'BONGARA', 1),
	(32, '01', '03', '01', 'JUMBILLA', 1),
	(33, '01', '03', '02', 'COROSHA', 1),
	(34, '01', '03', '03', 'CUISPES', 1),
	(35, '01', '03', '04', 'CHISQUILLA', 1),
	(36, '01', '03', '05', 'CHURUJA', 1),
	(37, '01', '03', '06', 'FLORIDA', 1),
	(38, '01', '03', '07', 'RECTA', 1),
	(39, '01', '03', '08', 'SAN CARLOS', 1),
	(40, '01', '03', '09', 'SHIPASBAMBA', 1),
	(41, '01', '03', '10', 'VALERA', 1),
	(42, '01', '03', '11', 'YAMBRASBAMBA', 1),
	(43, '01', '03', '12', 'JAZAN', 1),
	(44, '01', '04', '00', 'LUYA', 1),
	(45, '01', '04', '01', 'LAMUD', 1),
	(46, '01', '04', '02', 'CAMPORREDONDO', 1),
	(47, '01', '04', '03', 'COCABAMBA', 1),
	(48, '01', '04', '04', 'COLCAMAR', 1),
	(49, '01', '04', '05', 'CONILA', 1),
	(50, '01', '04', '06', 'INGUILPATA', 1),
	(51, '01', '04', '07', 'LONGUITA', 1),
	(52, '01', '04', '08', 'LONYA CHICO', 1),
	(53, '01', '04', '09', 'LUYA', 1),
	(54, '01', '04', '10', 'LUYA VIEJO', 1),
	(55, '01', '04', '11', 'MARIA', 1),
	(56, '01', '04', '12', 'OCALLI', 1),
	(57, '01', '04', '13', 'OCUMAL', 1),
	(58, '01', '04', '14', 'PISUQUIA', 1),
	(59, '01', '04', '15', 'SAN CRISTOBAL', 1),
	(60, '01', '04', '16', 'SAN FRANCISCO DE YESO', 1),
	(61, '01', '04', '17', 'SAN JERONIMO', 1),
	(62, '01', '04', '18', 'SAN JUAN DE LOPECANCHA', 1),
	(63, '01', '04', '19', 'SANTA CATALINA', 1),
	(64, '01', '04', '20', 'SANTO TOMAS', 1),
	(65, '01', '04', '21', 'TINGO', 1),
	(66, '01', '04', '22', 'TRITA', 1),
	(67, '01', '04', '23', 'PROVIDENCIA', 1),
	(68, '01', '05', '00', 'RODRIGUEZ DE MENDOZA', 1),
	(69, '01', '05', '01', 'SAN NICOLAS', 1),
	(70, '01', '05', '02', 'COCHAMAL', 1),
	(71, '01', '05', '03', 'CHIRIMOTO', 1),
	(72, '01', '05', '04', 'HUAMBO', 1),
	(73, '01', '05', '05', 'LIMABAMBA', 1),
	(74, '01', '05', '06', 'LONGAR', 1),
	(75, '01', '05', '07', 'MILPUCC', 1),
	(76, '01', '05', '08', 'MARISCAL BENAVIDES', 1),
	(77, '01', '05', '09', 'OMIA', 1),
	(78, '01', '05', '10', 'SANTA ROSA', 1),
	(79, '01', '05', '11', 'TOTORA', 1),
	(80, '01', '05', '12', 'VISTA ALEGRE', 1),
	(81, '01', '06', '00', 'CONDORCANQUI', 1),
	(82, '01', '06', '01', 'NIEVA', 1),
	(83, '01', '06', '02', 'RIO SANTIAGO', 1),
	(84, '01', '06', '03', 'EL CENEPA', 1),
	(85, '01', '07', '00', 'UTCUBAMBA', 1),
	(86, '01', '07', '01', 'BAGUA GRANDE', 1),
	(87, '01', '07', '02', 'CAJARURO', 1),
	(88, '01', '07', '03', 'CUMBA', 1),
	(89, '01', '07', '04', 'EL MILAGRO', 1),
	(90, '01', '07', '05', 'JAMALCA', 1),
	(91, '01', '07', '06', 'LONYA GRANDE', 1),
	(92, '01', '07', '07', 'YAMON', 1),
	(93, '02', '00', '00', 'ANCASH', 1),
	(94, '02', '01', '00', 'HUARAZ', 1),
	(95, '02', '01', '01', 'HUARAZ', 1),
	(96, '02', '01', '02', 'INDEPENDENCIA', 1),
	(97, '02', '01', '03', 'COCHABAMBA', 1),
	(98, '02', '01', '04', 'COLCABAMBA', 1),
	(99, '02', '01', '05', 'HUANCHAY', 1),
	(100, '02', '01', '06', 'JANGAS', 1),
	(101, '02', '01', '07', 'LA LIBERTAD', 1),
	(102, '02', '01', '08', 'OLLEROS', 1),
	(103, '02', '01', '09', 'PAMPAS GRANDE', 1),
	(104, '02', '01', '10', 'PARIACOTO', 1),
	(105, '02', '01', '11', 'PIRA', 1),
	(106, '02', '01', '12', 'TARICA', 1),
	(107, '02', '02', '00', 'AIJA', 1),
	(108, '02', '02', '01', 'AIJA', 1),
	(109, '02', '02', '03', 'CORIS', 1),
	(110, '02', '02', '05', 'HUACLLAN', 1),
	(111, '02', '02', '06', 'LA MERCED', 1),
	(112, '02', '02', '08', 'SUCCHA', 1),
	(113, '02', '03', '00', 'BOLOGNESI', 1),
	(114, '02', '03', '01', 'CHIQUIAN', 1),
	(115, '02', '03', '02', 'ABELARDO PARDO LEZAMETA', 1),
	(116, '02', '03', '04', 'AQUIA', 1),
	(117, '02', '03', '05', 'CAJACAY', 1),
	(118, '02', '03', '10', 'HUAYLLACAYAN', 1),
	(119, '02', '03', '11', 'HUASTA', 1),
	(120, '02', '03', '13', 'MANGAS', 1),
	(121, '02', '03', '15', 'PACLLON', 1),
	(122, '02', '03', '17', 'SAN MIGUEL DE CORPANQUI', 1),
	(123, '02', '03', '20', 'TICLLOS', 1),
	(124, '02', '03', '21', 'ANTONIO RAIMONDI', 1),
	(125, '02', '03', '22', 'CANIS', 1),
	(126, '02', '03', '23', 'COLQUIOC', 1),
	(127, '02', '03', '24', 'LA PRIMAVERA', 1),
	(128, '02', '03', '25', 'HUALLANCA', 1),
	(129, '02', '04', '00', 'CARHUAZ', 1),
	(130, '02', '04', '01', 'CARHUAZ', 1),
	(131, '02', '04', '02', 'ACOPAMPA', 1),
	(132, '02', '04', '03', 'AMASHCA', 1),
	(133, '02', '04', '04', 'ANTA', 1),
	(134, '02', '04', '05', 'ATAQUERO', 1),
	(135, '02', '04', '06', 'MARCARA', 1),
	(136, '02', '04', '07', 'PARIAHUANCA', 1),
	(137, '02', '04', '08', 'SAN MIGUEL DE ACO', 1),
	(138, '02', '04', '09', 'SHILLA', 1),
	(139, '02', '04', '10', 'TINCO', 1),
	(140, '02', '04', '11', 'YUNGAR', 1),
	(141, '02', '05', '00', 'CASMA', 1),
	(142, '02', '05', '01', 'CASMA', 1),
	(143, '02', '05', '02', 'BUENA VISTA ALTA', 1),
	(144, '02', '05', '03', 'COMANDANTE NOEL', 1),
	(145, '02', '05', '05', 'YAUTAN', 1),
	(146, '02', '06', '00', 'CORONGO', 1),
	(147, '02', '06', '01', 'CORONGO', 1),
	(148, '02', '06', '02', 'ACO', 1),
	(149, '02', '06', '03', 'BAMBAS', 1),
	(150, '02', '06', '04', 'CUSCA', 1),
	(151, '02', '06', '05', 'LA PAMPA', 1),
	(152, '02', '06', '06', 'YANAC', 1),
	(153, '02', '06', '07', 'YUPAN', 1),
	(154, '02', '07', '00', 'HUAYLAS', 1),
	(155, '02', '07', '01', 'CARAZ', 1),
	(156, '02', '07', '02', 'HUALLANCA', 1),
	(157, '02', '07', '03', 'HUATA', 1),
	(158, '02', '07', '04', 'HUAYLAS', 1),
	(159, '02', '07', '05', 'MATO', 1),
	(160, '02', '07', '06', 'PAMPAROMAS', 1),
	(161, '02', '07', '07', 'PUEBLO LIBRE', 1),
	(162, '02', '07', '08', 'SANTA CRUZ', 1),
	(163, '02', '07', '09', 'YURACMARCA', 1),
	(164, '02', '07', '10', 'SANTO TORIBIO', 1),
	(165, '02', '08', '00', 'HUARI', 1),
	(166, '02', '08', '01', 'HUARI', 1),
	(167, '02', '08', '02', 'CAJAY', 1),
	(168, '02', '08', '03', 'CHAVIN DE HUANTAR', 1),
	(169, '02', '08', '04', 'HUACACHI', 1),
	(170, '02', '08', '05', 'HUACHIS', 1),
	(171, '02', '08', '06', 'HUACCHIS', 1),
	(172, '02', '08', '07', 'HUANTAR', 1),
	(173, '02', '08', '08', 'MASIN', 1),
	(174, '02', '08', '09', 'PAUCAS', 1),
	(175, '02', '08', '10', 'PONTO', 1),
	(176, '02', '08', '11', 'RAHUAPAMPA', 1),
	(177, '02', '08', '12', 'RAPAYAN', 1),
	(178, '02', '08', '13', 'SAN MARCOS', 1),
	(179, '02', '08', '14', 'SAN PEDRO DE CHANA', 1),
	(180, '02', '08', '15', 'UCO', 1),
	(181, '02', '08', '16', 'ANRA', 1),
	(182, '02', '09', '00', 'MARISCAL LUZURIAGA', 1),
	(183, '02', '09', '01', 'PISCOBAMBA', 1),
	(184, '02', '09', '02', 'CASCA', 1),
	(185, '02', '09', '03', 'LUCMA', 1),
	(186, '02', '09', '04', 'FIDEL OLIVAS ESCUDERO', 1),
	(187, '02', '09', '05', 'LLAMA', 1),
	(188, '02', '09', '06', 'LLUMPA', 1),
	(189, '02', '09', '07', 'MUSGA', 1),
	(190, '02', '09', '08', 'ELEAZAR GUZMAN BARRON', 1),
	(191, '02', '10', '00', 'PALLASCA', 1),
	(192, '02', '10', '01', 'CABANA', 1),
	(193, '02', '10', '02', 'BOLOGNESI', 1),
	(194, '02', '10', '03', 'CONCHUCOS', 1),
	(195, '02', '10', '04', 'HUACASCHUQUE', 1),
	(196, '02', '10', '05', 'HUANDOVAL', 1),
	(197, '02', '10', '06', 'LACABAMBA', 1),
	(198, '02', '10', '07', 'LLAPO', 1),
	(199, '02', '10', '08', 'PALLASCA', 1),
	(200, '02', '10', '09', 'PAMPAS', 1),
	(201, '02', '10', '10', 'SANTA ROSA', 1),
	(202, '02', '10', '11', 'TAUCA', 1),
	(203, '02', '11', '00', 'POMABAMBA', 1),
	(204, '02', '11', '01', 'POMABAMBA', 1),
	(205, '02', '11', '02', 'HUAYLLAN', 1),
	(206, '02', '11', '03', 'PAROBAMBA', 1),
	(207, '02', '11', '04', 'QUINUABAMBA', 1),
	(208, '02', '12', '00', 'RECUAY', 1),
	(209, '02', '12', '01', 'RECUAY', 1),
	(210, '02', '12', '02', 'COTAPARACO', 1),
	(211, '02', '12', '03', 'HUAYLLAPAMPA', 1),
	(212, '02', '12', '04', 'MARCA', 1),
	(213, '02', '12', '05', 'PAMPAS CHICO', 1),
	(214, '02', '12', '06', 'PARARIN', 1),
	(215, '02', '12', '07', 'TAPACOCHA', 1),
	(216, '02', '12', '08', 'TICAPAMPA', 1),
	(217, '02', '12', '09', 'LLACLLIN', 1),
	(218, '02', '12', '10', 'CATAC', 1),
	(219, '02', '13', '00', 'SANTA', 1),
	(220, '02', '13', '01', 'CHIMBOTE', 1),
	(221, '02', '13', '02', 'CACERES DEL PERU', 1),
	(222, '02', '13', '03', 'MACATE', 1),
	(223, '02', '13', '04', 'MORO', 1),
	(224, '02', '13', '05', 'NEPEÑA', 1),
	(225, '02', '13', '06', 'SAMANCO', 1),
	(226, '02', '13', '07', 'SANTA', 1),
	(227, '02', '13', '08', 'COISHCO', 1),
	(228, '02', '13', '09', 'NUEVO CHIMBOTE', 1),
	(229, '02', '14', '00', 'SIHUAS', 1),
	(230, '02', '14', '01', 'SIHUAS', 1),
	(231, '02', '14', '02', 'ALFONSO UGARTE', 1),
	(232, '02', '14', '03', 'CHINGALPO', 1),
	(233, '02', '14', '04', 'HUAYLLABAMBA', 1),
	(234, '02', '14', '05', 'QUICHES', 1),
	(235, '02', '14', '06', 'SICSIBAMBA', 1),
	(236, '02', '14', '07', 'ACOBAMBA', 1),
	(237, '02', '14', '08', 'CASHAPAMPA', 1),
	(238, '02', '14', '09', 'RAGASH', 1),
	(239, '02', '14', '10', 'SAN JUAN', 1),
	(240, '02', '15', '00', 'YUNGAY', 1),
	(241, '02', '15', '01', 'YUNGAY', 1),
	(242, '02', '15', '02', 'CASCAPARA', 1),
	(243, '02', '15', '03', 'MANCOS', 1),
	(244, '02', '15', '04', 'MATACOTO', 1),
	(245, '02', '15', '05', 'QUILLO', 1),
	(246, '02', '15', '06', 'RANRAHIRCA', 1),
	(247, '02', '15', '07', 'SHUPLUY', 1),
	(248, '02', '15', '08', 'YANAMA', 1),
	(249, '02', '16', '00', 'ANTONIO RAIMONDI', 1),
	(250, '02', '16', '01', 'LLAMELLIN', 1),
	(251, '02', '16', '02', 'ACZO', 1),
	(252, '02', '16', '03', 'CHACCHO', 1),
	(253, '02', '16', '04', 'CHINGAS', 1),
	(254, '02', '16', '05', 'MIRGAS', 1),
	(255, '02', '16', '06', 'SAN JUAN DE RONTOY', 1),
	(256, '02', '17', '00', 'CARLOS FERMIN FITZCARRALD', 1),
	(257, '02', '17', '01', 'SAN LUIS', 1),
	(258, '02', '17', '02', 'YAUYA', 1),
	(259, '02', '17', '03', 'SAN NICOLAS', 1),
	(260, '02', '18', '00', 'ASUNCION', 1),
	(261, '02', '18', '01', 'CHACAS', 1),
	(262, '02', '18', '02', 'ACOCHACA', 1),
	(263, '02', '19', '00', 'HUARMEY', 1),
	(264, '02', '19', '01', 'HUARMEY', 1),
	(265, '02', '19', '02', 'COCHAPETI', 1),
	(266, '02', '19', '03', 'HUAYAN', 1),
	(267, '02', '19', '04', 'MALVAS', 1),
	(268, '02', '19', '05', 'CULEBRAS', 1),
	(269, '02', '20', '00', 'OCROS', 1),
	(270, '02', '20', '01', 'ACAS', 1),
	(271, '02', '20', '02', 'CAJAMARQUILLA', 1),
	(272, '02', '20', '03', 'CARHUAPAMPA', 1),
	(273, '02', '20', '04', 'COCHAS', 1),
	(274, '02', '20', '05', 'CONGAS', 1),
	(275, '02', '20', '06', 'LLIPA', 1),
	(276, '02', '20', '07', 'OCROS', 1),
	(277, '02', '20', '08', 'SAN CRISTOBAL DE RAJAN', 1),
	(278, '02', '20', '09', 'SAN PEDRO', 1),
	(279, '02', '20', '10', 'SANTIAGO DE CHILCAS', 1),
	(280, '03', '00', '00', 'APURIMAC', 1),
	(281, '03', '01', '00', 'ABANCAY', 1),
	(282, '03', '01', '01', 'ABANCAY', 1),
	(283, '03', '01', '02', 'CIRCA', 1),
	(284, '03', '01', '03', 'CURAHUASI', 1),
	(285, '03', '01', '04', 'CHACOCHE', 1),
	(286, '03', '01', '05', 'HUANIPACA', 1),
	(287, '03', '01', '06', 'LAMBRAMA', 1),
	(288, '03', '01', '07', 'PICHIRHUA', 1),
	(289, '03', '01', '08', 'SAN PEDRO DE CACHORA', 1),
	(290, '03', '01', '09', 'TAMBURCO', 1),
	(291, '03', '02', '00', 'AYMARAES', 1),
	(292, '03', '02', '01', 'CHALHUANCA', 1),
	(293, '03', '02', '02', 'CAPAYA', 1),
	(294, '03', '02', '03', 'CARAYBAMBA', 1),
	(295, '03', '02', '04', 'COLCABAMBA', 1),
	(296, '03', '02', '05', 'COTARUSE', 1),
	(297, '03', '02', '06', 'CHAPIMARCA', 1),
	(298, '03', '02', '07', 'HUAYLLO', 1),
	(299, '03', '02', '08', 'LUCRE', 1),
	(300, '03', '02', '09', 'POCOHUANCA', 1),
	(301, '03', '02', '10', 'SAÑAYCA', 1),
	(302, '03', '02', '11', 'SORAYA', 1),
	(303, '03', '02', '12', 'TAPAIRIHUA', 1),
	(304, '03', '02', '13', 'TINTAY', 1),
	(305, '03', '02', '14', 'TORAYA', 1),
	(306, '03', '02', '15', 'YANACA', 1),
	(307, '03', '02', '16', 'SAN JUAN DE CHACÑA', 1),
	(308, '03', '02', '17', 'JUSTO APU SAHUARAURA', 1),
	(309, '03', '03', '00', 'ANDAHUAYLAS', 1),
	(310, '03', '03', '01', 'ANDAHUAYLAS', 1),
	(311, '03', '03', '02', 'ANDARAPA', 1),
	(312, '03', '03', '03', 'CHIARA', 1),
	(313, '03', '03', '04', 'HUANCARAMA', 1),
	(314, '03', '03', '05', 'HUANCARAY', 1),
	(315, '03', '03', '06', 'KISHUARA', 1),
	(316, '03', '03', '07', 'PACOBAMBA', 1),
	(317, '03', '03', '08', 'PAMPACHIRI', 1),
	(318, '03', '03', '09', 'SAN ANTONIO DE CACHI', 1),
	(319, '03', '03', '10', 'SAN JERONIMO', 1),
	(320, '03', '03', '11', 'TALAVERA', 1),
	(321, '03', '03', '12', 'TURPO', 1),
	(322, '03', '03', '13', 'PACUCHA', 1),
	(323, '03', '03', '14', 'POMACOCHA', 1),
	(324, '03', '03', '15', 'SANTA MARIA DE CHICMO', 1),
	(325, '03', '03', '16', 'TUMAY HUARACA', 1),
	(326, '03', '03', '17', 'HUAYANA', 1),
	(327, '03', '03', '18', 'SAN MIGUEL DE CHACCRAMPA', 1),
	(328, '03', '03', '19', 'KAQUIABAMBA', 1),
	(329, '03', '04', '00', 'ANTABAMBA', 1),
	(330, '03', '04', '01', 'ANTABAMBA', 1),
	(331, '03', '04', '02', 'EL ORO', 1),
	(332, '03', '04', '03', 'HUAQUIRCA', 1),
	(333, '03', '04', '04', 'JUAN ESPINOZA MEDRANO', 1),
	(334, '03', '04', '05', 'OROPESA', 1),
	(335, '03', '04', '06', 'PACHACONAS', 1),
	(336, '03', '04', '07', 'SABAINO', 1),
	(337, '03', '05', '00', 'COTABAMBAS', 1),
	(338, '03', '05', '01', 'TAMBOBAMBA', 1),
	(339, '03', '05', '02', 'COYLLURQUI', 1),
	(340, '03', '05', '03', 'COTABAMBAS', 1),
	(341, '03', '05', '04', 'HAQUIRA', 1),
	(342, '03', '05', '05', 'MARA', 1),
	(343, '03', '05', '06', 'CHALLHUAHUACHO', 1),
	(344, '03', '06', '00', 'GRAU', 1),
	(345, '03', '06', '01', 'CHUQUIBAMBILLA', 1),
	(346, '03', '06', '02', 'CURPAHUASI', 1),
	(347, '03', '06', '03', 'HUAILLATI', 1),
	(348, '03', '06', '04', 'MAMARA', 1),
	(349, '03', '06', '05', 'MARISCAL GAMARRA', 1),
	(350, '03', '06', '06', 'MICAELA BASTIDAS', 1),
	(351, '03', '06', '07', 'PROGRESO', 1),
	(352, '03', '06', '08', 'PATAYPAMPA', 1),
	(353, '03', '06', '09', 'SAN ANTONIO', 1),
	(354, '03', '06', '10', 'TURPAY', 1),
	(355, '03', '06', '11', 'VILCABAMBA', 1),
	(356, '03', '06', '12', 'VIRUNDO', 1),
	(357, '03', '06', '13', 'SANTA ROSA', 1),
	(358, '03', '06', '14', 'CURASCO', 1),
	(359, '03', '07', '00', 'CHINCHEROS', 1),
	(360, '03', '07', '01', 'CHINCHEROS', 1),
	(361, '03', '07', '02', 'ONGOY', 1),
	(362, '03', '07', '03', 'OCOBAMBA', 1),
	(363, '03', '07', '04', 'COCHARCAS', 1),
	(364, '03', '07', '05', 'ANCO HUALLO', 1),
	(365, '03', '07', '06', 'HUACCANA', 1),
	(366, '03', '07', '07', 'URANMARCA', 1),
	(367, '03', '07', '08', 'RANRACANCHA', 1),
	(368, '04', '00', '00', 'AREQUIPA', 1),
	(369, '04', '01', '00', 'AREQUIPA', 1),
	(370, '04', '01', '01', 'AREQUIPA', 1),
	(371, '04', '01', '02', 'CAYMA', 1),
	(372, '04', '01', '03', 'CERRO COLORADO', 1),
	(373, '04', '01', '04', 'CHARACATO', 1),
	(374, '04', '01', '05', 'CHIGUATA', 1),
	(375, '04', '01', '06', 'LA JOYA', 1),
	(376, '04', '01', '07', 'MIRAFLORES', 1),
	(377, '04', '01', '08', 'MOLLEBAYA', 1),
	(378, '04', '01', '09', 'PAUCARPATA', 1),
	(379, '04', '01', '10', 'POCSI', 1),
	(380, '04', '01', '11', 'POLOBAYA', 1),
	(381, '04', '01', '12', 'QUEQUEÑA', 1),
	(382, '04', '01', '13', 'SABANDIA', 1),
	(383, '04', '01', '14', 'SACHACA', 1),
	(384, '04', '01', '15', 'SAN JUAN DE SIGUAS', 1),
	(385, '04', '01', '16', 'SAN JUAN DE TARUCANI', 1),
	(386, '04', '01', '17', 'SANTA ISABEL DE SIGUAS', 1),
	(387, '04', '01', '18', 'SANTA RITA DE SIHUAS', 1),
	(388, '04', '01', '19', 'SOCABAYA', 1),
	(389, '04', '01', '20', 'TIABAYA', 1),
	(390, '04', '01', '21', 'UCHUMAYO', 1),
	(391, '04', '01', '22', 'VITOR', 1),
	(392, '04', '01', '23', 'YANAHUARA', 1),
	(393, '04', '01', '24', 'YARABAMBA', 1),
	(394, '04', '01', '25', 'YURA', 1),
	(395, '04', '01', '26', 'MARIANO MELGAR', 1),
	(396, '04', '01', '27', 'JACOBO HUNTER', 1),
	(397, '04', '01', '28', 'ALTO SELVA ALEGRE', 1),
	(398, '04', '01', '29', 'JOSE LUIS BUSTAMANTE Y RIVERO', 1),
	(399, '04', '02', '00', 'CAYLLOMA', 1),
	(400, '04', '02', '01', 'CHIVAY', 1),
	(401, '04', '02', '02', 'ACHOMA', 1),
	(402, '04', '02', '03', 'CABANACONDE', 1),
	(403, '04', '02', '04', 'CAYLLOMA', 1),
	(404, '04', '02', '05', 'CALLALLI', 1),
	(405, '04', '02', '06', 'COPORAQUE', 1),
	(406, '04', '02', '07', 'HUAMBO', 1),
	(407, '04', '02', '08', 'HUANCA', 1),
	(408, '04', '02', '09', 'ICHUPAMPA', 1),
	(409, '04', '02', '10', 'LARI', 1),
	(410, '04', '02', '11', 'LLUTA', 1),
	(411, '04', '02', '12', 'MACA', 1),
	(412, '04', '02', '13', 'MADRIGAL', 1),
	(413, '04', '02', '14', 'SAN ANTONIO DE CHUCA', 1),
	(414, '04', '02', '15', 'SIBAYO', 1),
	(415, '04', '02', '16', 'TAPAY', 1),
	(416, '04', '02', '17', 'TISCO', 1),
	(417, '04', '02', '18', 'TUTI', 1),
	(418, '04', '02', '19', 'YANQUE', 1),
	(419, '04', '02', '20', 'MAJES', 1),
	(420, '04', '03', '00', 'CAMANA', 1),
	(421, '04', '03', '01', 'CAMANA', 1),
	(422, '04', '03', '02', 'JOSE MARIA QUIMPER', 1),
	(423, '04', '03', '03', 'MARIANO NICOLAS VALCARCEL', 1),
	(424, '04', '03', '04', 'MARISCAL CACERES', 1),
	(425, '04', '03', '05', 'NICOLAS DE PIEROLA', 1),
	(426, '04', '03', '06', 'OCOÑA', 1),
	(427, '04', '03', '07', 'QUILCA', 1),
	(428, '04', '03', '08', 'SAMUEL PASTOR', 1),
	(429, '04', '04', '00', 'CARAVELI', 1),
	(430, '04', '04', '01', 'CARAVELI', 1),
	(431, '04', '04', '02', 'ACARI', 1),
	(432, '04', '04', '03', 'ATICO', 1),
	(433, '04', '04', '04', 'ATIQUIPA', 1),
	(434, '04', '04', '05', 'BELLA UNION', 1),
	(435, '04', '04', '06', 'CAHUACHO', 1),
	(436, '04', '04', '07', 'CHALA', 1),
	(437, '04', '04', '08', 'CHAPARRA', 1),
	(438, '04', '04', '09', 'HUANUHUANU', 1),
	(439, '04', '04', '10', 'JAQUI', 1),
	(440, '04', '04', '11', 'LOMAS', 1),
	(441, '04', '04', '12', 'QUICACHA', 1),
	(442, '04', '04', '13', 'YAUCA', 1),
	(443, '04', '05', '00', 'CASTILLA', 1),
	(444, '04', '05', '01', 'APLAO', 1),
	(445, '04', '05', '02', 'ANDAGUA', 1),
	(446, '04', '05', '03', 'AYO', 1),
	(447, '04', '05', '04', 'CHACHAS', 1),
	(448, '04', '05', '05', 'CHILCAYMARCA', 1),
	(449, '04', '05', '06', 'CHOCO', 1),
	(450, '04', '05', '07', 'HUANCARQUI', 1),
	(451, '04', '05', '08', 'MACHAGUAY', 1),
	(452, '04', '05', '09', 'ORCOPAMPA', 1),
	(453, '04', '05', '10', 'PAMPACOLCA', 1),
	(454, '04', '05', '11', 'TIPAN', 1),
	(455, '04', '05', '12', 'URACA', 1),
	(456, '04', '05', '13', 'UÑON', 1),
	(457, '04', '05', '14', 'VIRACO', 1),
	(458, '04', '06', '00', 'CONDESUYOS', 1),
	(459, '04', '06', '01', 'CHUQUIBAMBA', 1),
	(460, '04', '06', '02', 'ANDARAY', 1),
	(461, '04', '06', '03', 'CAYARANI', 1),
	(462, '04', '06', '04', 'CHICHAS', 1),
	(463, '04', '06', '05', 'IRAY', 1),
	(464, '04', '06', '06', 'SALAMANCA', 1),
	(465, '04', '06', '07', 'YANAQUIHUA', 1),
	(466, '04', '06', '08', 'RIO GRANDE', 1),
	(467, '04', '07', '00', 'ISLAY', 1),
	(468, '04', '07', '01', 'MOLLENDO', 1),
	(469, '04', '07', '02', 'COCACHACRA', 1),
	(470, '04', '07', '03', 'DEAN VALDIVIA', 1),
	(471, '04', '07', '04', 'ISLAY', 1),
	(472, '04', '07', '05', 'MEJIA', 1),
	(473, '04', '07', '06', 'PUNTA DE BOMBON', 1),
	(474, '04', '08', '00', 'LA UNION', 1),
	(475, '04', '08', '01', 'COTAHUASI', 1),
	(476, '04', '08', '02', 'ALCA', 1),
	(477, '04', '08', '03', 'CHARCANA', 1),
	(478, '04', '08', '04', 'HUAYNACOTAS', 1),
	(479, '04', '08', '05', 'PAMPAMARCA', 1),
	(480, '04', '08', '06', 'PUYCA', 1),
	(481, '04', '08', '07', 'QUECHUALLA', 1),
	(482, '04', '08', '08', 'SAYLA', 1),
	(483, '04', '08', '09', 'TAURIA', 1),
	(484, '04', '08', '10', 'TOMEPAMPA', 1),
	(485, '04', '08', '11', 'TORO', 1),
	(486, '05', '00', '00', 'AYACUCHO', 1),
	(487, '05', '01', '00', 'HUAMANGA', 1),
	(488, '05', '01', '01', 'AYACUCHO', 1),
	(489, '05', '01', '02', 'ACOS VINCHOS', 1),
	(490, '05', '01', '03', 'CARMEN ALTO', 1),
	(491, '05', '01', '04', 'CHIARA', 1),
	(492, '05', '01', '05', 'QUINUA', 1),
	(493, '05', '01', '06', 'SAN JOSE DE TICLLAS', 1),
	(494, '05', '01', '07', 'SAN JUAN BAUTISTA', 1),
	(495, '05', '01', '08', 'SANTIAGO DE PISCHA', 1),
	(496, '05', '01', '09', 'VINCHOS', 1),
	(497, '05', '01', '10', 'TAMBILLO', 1),
	(498, '05', '01', '11', 'ACOCRO', 1),
	(499, '05', '01', '12', 'SOCOS', 1),
	(500, '05', '01', '13', 'OCROS', 1),
	(501, '05', '01', '14', 'PACAYCASA', 1),
	(502, '05', '01', '15', 'JESUS NAZARENO', 1),
	(503, '05', '02', '00', 'CANGALLO', 1),
	(504, '05', '02', '01', 'CANGALLO', 1),
	(505, '05', '02', '04', 'CHUSCHI', 1),
	(506, '05', '02', '06', 'LOS MOROCHUCOS', 1),
	(507, '05', '02', '07', 'PARAS', 1),
	(508, '05', '02', '08', 'TOTOS', 1),
	(509, '05', '02', '11', 'MARIA PARADO DE BELLIDO', 1),
	(510, '05', '03', '00', 'HUANTA', 1),
	(511, '05', '03', '01', 'HUANTA', 1),
	(512, '05', '03', '02', 'AYAHUANCO', 1),
	(513, '05', '03', '03', 'HUAMANGUILLA', 1),
	(514, '05', '03', '04', 'IGUAIN', 1),
	(515, '05', '03', '05', 'LURICOCHA', 1),
	(516, '05', '03', '07', 'SANTILLANA', 1),
	(517, '05', '03', '08', 'SIVIA', 1),
	(518, '05', '03', '09', 'LLOCHEGUA', 1),
	(519, '05', '04', '00', 'LA MAR', 1),
	(520, '05', '04', '01', 'SAN MIGUEL', 1),
	(521, '05', '04', '02', 'ANCO', 1),
	(522, '05', '04', '03', 'AYNA', 1),
	(523, '05', '04', '04', 'CHILCAS', 1),
	(524, '05', '04', '05', 'CHUNGUI', 1),
	(525, '05', '04', '06', 'TAMBO', 1),
	(526, '05', '04', '07', 'LUIS CARRANZA', 1),
	(527, '05', '04', '08', 'SANTA ROSA', 1),
	(528, '05', '04', '09', 'SAMUGARI', 1),
	(529, '05', '05', '00', 'LUCANAS', 1),
	(530, '05', '05', '01', 'PUQUIO', 1),
	(531, '05', '05', '02', 'AUCARA', 1),
	(532, '05', '05', '03', 'CABANA', 1),
	(533, '05', '05', '04', 'CARMEN SALCEDO', 1),
	(534, '05', '05', '06', 'CHAVIÑA', 1),
	(535, '05', '05', '08', 'CHIPAO', 1),
	(536, '05', '05', '10', 'HUAC-HUAS', 1),
	(537, '05', '05', '11', 'LARAMATE', 1),
	(538, '05', '05', '12', 'LEONCIO PRADO', 1),
	(539, '05', '05', '13', 'LUCANAS', 1),
	(540, '05', '05', '14', 'LLAUTA', 1),
	(541, '05', '05', '16', 'OCAÑA', 1),
	(542, '05', '05', '17', 'OTOCA', 1),
	(543, '05', '05', '20', 'SANCOS', 1),
	(544, '05', '05', '21', 'SAN JUAN', 1),
	(545, '05', '05', '22', 'SAN PEDRO', 1),
	(546, '05', '05', '24', 'SANTA ANA DE HUAYCAHUACHO', 1),
	(547, '05', '05', '25', 'SANTA LUCIA', 1),
	(548, '05', '05', '29', 'SAISA', 1),
	(549, '05', '05', '31', 'SAN PEDRO DE PALCO', 1),
	(550, '05', '05', '32', 'SAN CRISTOBAL', 1),
	(551, '05', '06', '00', 'PARINACOCHAS', 1),
	(552, '05', '06', '01', 'CORACORA', 1),
	(553, '05', '06', '04', 'CORONEL CASTAÑEDA', 1),
	(554, '05', '06', '05', 'CHUMPI', 1),
	(555, '05', '06', '08', 'PACAPAUSA', 1),
	(556, '05', '06', '11', 'PULLO', 1),
	(557, '05', '06', '12', 'PUYUSCA', 1),
	(558, '05', '06', '15', 'SAN FRANCISCO DE RAVACAYCO', 1),
	(559, '05', '06', '16', 'UPAHUACHO', 1),
	(560, '05', '07', '00', 'VICTOR FAJARDO', 1),
	(561, '05', '07', '01', 'HUANCAPI', 1),
	(562, '05', '07', '02', 'ALCAMENCA', 1),
	(563, '05', '07', '03', 'APONGO', 1),
	(564, '05', '07', '04', 'CANARIA', 1),
	(565, '05', '07', '06', 'CAYARA', 1),
	(566, '05', '07', '07', 'COLCA', 1),
	(567, '05', '07', '08', 'HUALLA', 1),
	(568, '05', '07', '09', 'HUAMANQUIQUIA', 1),
	(569, '05', '07', '10', 'HUANCARAYLLA', 1),
	(570, '05', '07', '13', 'SARHUA', 1),
	(571, '05', '07', '14', 'VILCANCHOS', 1),
	(572, '05', '07', '15', 'ASQUIPATA', 1),
	(573, '05', '08', '00', 'HUANCA SANCOS', 1),
	(574, '05', '08', '01', 'SANCOS', 1),
	(575, '05', '08', '02', 'SACSAMARCA', 1),
	(576, '05', '08', '03', 'SANTIAGO DE LUCANAMARCA', 1),
	(577, '05', '08', '04', 'CARAPO', 1),
	(578, '05', '09', '00', 'VILCAS HUAMAN', 1),
	(579, '05', '09', '01', 'VILCAS HUAMAN', 1),
	(580, '05', '09', '02', 'VISCHONGO', 1),
	(581, '05', '09', '03', 'ACCOMARCA', 1),
	(582, '05', '09', '04', 'CARHUANCA', 1),
	(583, '05', '09', '05', 'CONCEPCION', 1),
	(584, '05', '09', '06', 'HUAMBALPA', 1),
	(585, '05', '09', '07', 'SAURAMA', 1),
	(586, '05', '09', '08', 'INDEPENDENCIA', 1),
	(587, '05', '10', '00', 'PAUCAR DEL SARA SARA', 1),
	(588, '05', '10', '01', 'PAUSA', 1),
	(589, '05', '10', '02', 'COLTA', 1),
	(590, '05', '10', '03', 'CORCULLA', 1),
	(591, '05', '10', '04', 'LAMPA', 1),
	(592, '05', '10', '05', 'MARCABAMBA', 1),
	(593, '05', '10', '06', 'OYOLO', 1),
	(594, '05', '10', '07', 'PARARCA', 1),
	(595, '05', '10', '08', 'SAN JAVIER DE ALPABAMBA', 1),
	(596, '05', '10', '09', 'SAN JOSE DE USHUA', 1),
	(597, '05', '10', '10', 'SARA SARA', 1),
	(598, '05', '11', '00', 'SUCRE', 1),
	(599, '05', '11', '01', 'QUEROBAMBA', 1),
	(600, '05', '11', '02', 'BELEN', 1),
	(601, '05', '11', '03', 'CHALCOS', 1),
	(602, '05', '11', '04', 'SAN SALVADOR DE QUIJE', 1),
	(603, '05', '11', '05', 'PAICO', 1),
	(604, '05', '11', '06', 'SANTIAGO DE PAUCARAY', 1),
	(605, '05', '11', '07', 'SAN PEDRO DE LARCAY', 1),
	(606, '05', '11', '08', 'SORAS', 1),
	(607, '05', '11', '09', 'HUACAÑA', 1),
	(608, '05', '11', '10', 'CHILCAYOC', 1),
	(609, '05', '11', '11', 'MORCOLLA', 1),
	(610, '06', '00', '00', 'CAJAMARCA', 1),
	(611, '06', '01', '00', 'CAJAMARCA', 1),
	(612, '06', '01', '01', 'CAJAMARCA', 1),
	(613, '06', '01', '02', 'ASUNCION', 1),
	(614, '06', '01', '03', 'COSPAN', 1),
	(615, '06', '01', '04', 'CHETILLA', 1),
	(616, '06', '01', '05', 'ENCAÑADA', 1),
	(617, '06', '01', '06', 'JESUS', 1),
	(618, '06', '01', '07', 'LOS BAÑOS DEL INCA', 1),
	(619, '06', '01', '08', 'LLACANORA', 1),
	(620, '06', '01', '09', 'MAGDALENA', 1),
	(621, '06', '01', '10', 'MATARA', 1),
	(622, '06', '01', '11', 'NAMORA', 1),
	(623, '06', '01', '12', 'SAN JUAN', 1),
	(624, '06', '02', '00', 'CAJABAMBA', 1),
	(625, '06', '02', '01', 'CAJABAMBA', 1),
	(626, '06', '02', '02', 'CACHACHI', 1),
	(627, '06', '02', '03', 'CONDEBAMBA', 1),
	(628, '06', '02', '05', 'SITACOCHA', 1),
	(629, '06', '03', '00', 'CELENDIN', 1),
	(630, '06', '03', '01', 'CELENDIN', 1),
	(631, '06', '03', '02', 'CORTEGANA', 1),
	(632, '06', '03', '03', 'CHUMUCH', 1),
	(633, '06', '03', '04', 'HUASMIN', 1),
	(634, '06', '03', '05', 'JORGE CHAVEZ', 1),
	(635, '06', '03', '06', 'JOSE GALVEZ', 1),
	(636, '06', '03', '07', 'MIGUEL IGLESIAS', 1),
	(637, '06', '03', '08', 'OXAMARCA', 1),
	(638, '06', '03', '09', 'SOROCHUCO', 1),
	(639, '06', '03', '10', 'SUCRE', 1),
	(640, '06', '03', '11', 'UTCO', 1),
	(641, '06', '03', '12', 'LA LIBERTAD DE PALLAN', 1),
	(642, '06', '04', '00', 'CONTUMAZA', 1),
	(643, '06', '04', '01', 'CONTUMAZA', 1),
	(644, '06', '04', '03', 'CHILETE', 1),
	(645, '06', '04', '04', 'GUZMANGO', 1),
	(646, '06', '04', '05', 'SAN BENITO', 1),
	(647, '06', '04', '06', 'CUPISNIQUE', 1),
	(648, '06', '04', '07', 'TANTARICA', 1),
	(649, '06', '04', '08', 'YONAN', 1),
	(650, '06', '04', '09', 'SANTA CRUZ DE TOLED', 1),
	(651, '06', '05', '00', 'CUTERVO', 1),
	(652, '06', '05', '01', 'CUTERVO', 1),
	(653, '06', '05', '02', 'CALLAYUC', 1),
	(654, '06', '05', '03', 'CUJILLO', 1),
	(655, '06', '05', '04', 'CHOROS', 1),
	(656, '06', '05', '05', 'LA RAMADA', 1),
	(657, '06', '05', '06', 'PIMPINGOS', 1),
	(658, '06', '05', '07', 'QUEROCOTILLO', 1),
	(659, '06', '05', '08', 'SAN ANDRES DE CUTERVO', 1),
	(660, '06', '05', '09', 'SAN JUAN DE CUTERVO', 1),
	(661, '06', '05', '10', 'SAN LUIS DE LUCMA', 1),
	(662, '06', '05', '11', 'SANTA CRUZ', 1),
	(663, '06', '05', '12', 'SANTO DOMINGO DE LA CAPILLA', 1),
	(664, '06', '05', '13', 'SANTO TOMAS', 1),
	(665, '06', '05', '14', 'SOCOTA', 1),
	(666, '06', '05', '15', 'TORIBIO CASANOVA', 1),
	(667, '06', '06', '00', 'CHOTA', 1),
	(668, '06', '06', '01', 'CHOTA', 1),
	(669, '06', '06', '02', 'ANGUIA', 1),
	(670, '06', '06', '03', 'COCHABAMBA', 1),
	(671, '06', '06', '04', 'CONCHAN', 1),
	(672, '06', '06', '05', 'CHADIN', 1),
	(673, '06', '06', '06', 'CHIGUIRIP', 1),
	(674, '06', '06', '07', 'CHIMBAN', 1),
	(675, '06', '06', '08', 'HUAMBOS', 1),
	(676, '06', '06', '09', 'LAJAS', 1),
	(677, '06', '06', '10', 'LLAMA', 1),
	(678, '06', '06', '11', 'MIRACOSTA', 1),
	(679, '06', '06', '12', 'PACCHA', 1),
	(680, '06', '06', '13', 'PION', 1),
	(681, '06', '06', '14', 'QUEROCOTO', 1),
	(682, '06', '06', '15', 'TACABAMBA', 1),
	(683, '06', '06', '16', 'TOCMOCHE', 1),
	(684, '06', '06', '17', 'SAN JUAN DE LICUPIS', 1),
	(685, '06', '06', '18', 'CHOROPAMPA', 1),
	(686, '06', '06', '19', 'CHALAMARCA', 1),
	(687, '06', '07', '00', 'HUALGAYOC', 1),
	(688, '06', '07', '01', 'BAMBAMARCA', 1),
	(689, '06', '07', '02', 'CHUGUR', 1),
	(690, '06', '07', '03', 'HUALGAYOC', 1),
	(691, '06', '08', '00', 'JAEN', 1),
	(692, '06', '08', '01', 'JAEN', 1),
	(693, '06', '08', '02', 'BELLAVISTA', 1),
	(694, '06', '08', '03', 'COLASAY', 1),
	(695, '06', '08', '04', 'CHONTALI', 1),
	(696, '06', '08', '05', 'POMAHUACA', 1),
	(697, '06', '08', '06', 'PUCARA', 1),
	(698, '06', '08', '07', 'SALLIQUE', 1),
	(699, '06', '08', '08', 'SAN FELIPE', 1),
	(700, '06', '08', '09', 'SAN JOSE DEL ALTO', 1),
	(701, '06', '08', '10', 'SANTA ROSA', 1),
	(702, '06', '08', '11', 'LAS PIRIAS', 1),
	(703, '06', '08', '12', 'HUABAL', 1),
	(704, '06', '09', '00', 'SANTA CRUZ', 1),
	(705, '06', '09', '01', 'SANTA CRUZ', 1),
	(706, '06', '09', '02', 'CATACHE', 1),
	(707, '06', '09', '03', 'CHANCAYBAÑOS', 1),
	(708, '06', '09', '04', 'LA ESPERANZA', 1),
	(709, '06', '09', '05', 'NINABAMBA', 1),
	(710, '06', '09', '06', 'PULAN', 1),
	(711, '06', '09', '07', 'SEXI', 1),
	(712, '06', '09', '08', 'UTICYACU', 1),
	(713, '06', '09', '09', 'YAUYUCAN', 1),
	(714, '06', '09', '10', 'ANDABAMBA', 1),
	(715, '06', '09', '11', 'SAUCEPAMPA', 1),
	(716, '06', '10', '00', 'SAN MIGUEL', 1),
	(717, '06', '10', '01', 'SAN MIGUEL', 1),
	(718, '06', '10', '02', 'CALQUIS', 1),
	(719, '06', '10', '03', 'LA FLORIDA', 1),
	(720, '06', '10', '04', 'LLAPA', 1),
	(721, '06', '10', '05', 'NANCHOC', 1),
	(722, '06', '10', '06', 'NIEPOS', 1),
	(723, '06', '10', '07', 'SAN GREGORIO', 1),
	(724, '06', '10', '08', 'SAN SILVESTRE DE COCHAN', 1),
	(725, '06', '10', '09', 'EL PRADO', 1),
	(726, '06', '10', '10', 'UNION AGUA BLANCA', 1),
	(727, '06', '10', '11', 'TONGOD', 1),
	(728, '06', '10', '12', 'CATILLUC', 1),
	(729, '06', '10', '13', 'BOLIVAR', 1),
	(730, '06', '11', '00', 'SAN IGNACIO', 1),
	(731, '06', '11', '01', 'SAN IGNACIO', 1),
	(732, '06', '11', '02', 'CHIRINOS', 1),
	(733, '06', '11', '03', 'HUARANGO', 1),
	(734, '06', '11', '04', 'NAMBALLE', 1),
	(735, '06', '11', '05', 'LA COIPA', 1),
	(736, '06', '11', '06', 'SAN JOSE DE LOURDES', 1),
	(737, '06', '11', '07', 'TABACONAS', 1),
	(738, '06', '12', '00', 'SAN MARCOS', 1),
	(739, '06', '12', '01', 'PEDRO GALVEZ', 1),
	(740, '06', '12', '02', 'ICHOCAN', 1),
	(741, '06', '12', '03', 'GREGORIO PITA', 1),
	(742, '06', '12', '04', 'JOSE MANUEL QUIROZ', 1),
	(743, '06', '12', '05', 'EDUARDO VILLANUEVA', 1),
	(744, '06', '12', '06', 'JOSE SABOGAL', 1),
	(745, '06', '12', '07', 'CHANCAY', 1),
	(746, '06', '13', '00', 'SAN PABLO', 1),
	(747, '06', '13', '01', 'SAN PABLO', 1),
	(748, '06', '13', '02', 'SAN BERNARDINO', 1),
	(749, '06', '13', '03', 'SAN LUIS', 1),
	(750, '06', '13', '04', 'TUMBADEN', 1),
	(751, '07', '00', '00', 'CUSCO', 1),
	(752, '07', '01', '00', 'CUSCO', 1),
	(753, '07', '01', '01', 'CUSCO', 1),
	(754, '07', '01', '02', 'CCORCA', 1),
	(755, '07', '01', '03', 'POROY', 1),
	(756, '07', '01', '04', 'SAN JERONIMO', 1),
	(757, '07', '01', '05', 'SAN SEBASTIAN', 1),
	(758, '07', '01', '06', 'SANTIAGO', 1),
	(759, '07', '01', '07', 'SAYLLA', 1),
	(760, '07', '01', '08', 'WANCHAQ', 1),
	(761, '07', '02', '00', 'ACOMAYO', 1),
	(762, '07', '02', '01', 'ACOMAYO', 1),
	(763, '07', '02', '02', 'ACOPIA', 1),
	(764, '07', '02', '03', 'ACOS', 1),
	(765, '07', '02', '04', 'POMACANCHI', 1),
	(766, '07', '02', '05', 'RONDOCAN', 1),
	(767, '07', '02', '06', 'SANGARARA', 1),
	(768, '07', '02', '07', 'MOSOC LLACTA', 1),
	(769, '07', '03', '00', 'ANTA', 1),
	(770, '07', '03', '01', 'ANTA', 1),
	(771, '07', '03', '02', 'CHINCHAYPUJIO', 1),
	(772, '07', '03', '03', 'HUAROCONDO', 1),
	(773, '07', '03', '04', 'LIMATAMBO', 1),
	(774, '07', '03', '05', 'MOLLEPATA', 1),
	(775, '07', '03', '06', 'PUCYURA', 1),
	(776, '07', '03', '07', 'ZURITE', 1),
	(777, '07', '03', '08', 'CACHIMAYO', 1),
	(778, '07', '03', '09', 'ANCAHUASI', 1),
	(779, '07', '04', '00', 'CALCA', 1),
	(780, '07', '04', '01', 'CALCA', 1),
	(781, '07', '04', '02', 'COYA', 1),
	(782, '07', '04', '03', 'LAMAY', 1),
	(783, '07', '04', '04', 'LARES', 1),
	(784, '07', '04', '05', 'PISAC', 1),
	(785, '07', '04', '06', 'SAN SALVADOR', 1),
	(786, '07', '04', '07', 'TARAY', 1),
	(787, '07', '04', '08', 'YANATILE', 1),
	(788, '07', '05', '00', 'CANAS', 1),
	(789, '07', '05', '01', 'YANAOCA', 1),
	(790, '07', '05', '02', 'CHECCA', 1),
	(791, '07', '05', '03', 'KUNTURKANKI', 1),
	(792, '07', '05', '04', 'LANGUI', 1),
	(793, '07', '05', '05', 'LAYO', 1),
	(794, '07', '05', '06', 'PAMPAMARCA', 1),
	(795, '07', '05', '07', 'QUEHUE', 1),
	(796, '07', '05', '08', 'TUPAC AMARU', 1),
	(797, '07', '06', '00', 'CANCHIS', 1),
	(798, '07', '06', '01', 'SICUANI', 1),
	(799, '07', '06', '02', 'COMBAPATA', 1),
	(800, '07', '06', '03', 'CHECACUPE', 1),
	(801, '07', '06', '04', 'MARANGANI', 1),
	(802, '07', '06', '05', 'PITUMARCA', 1),
	(803, '07', '06', '06', 'SAN PABLO', 1),
	(804, '07', '06', '07', 'SAN PEDRO', 1),
	(805, '07', '06', '08', 'TINTA', 1),
	(806, '07', '07', '00', 'CHUMBIVILCAS', 1),
	(807, '07', '07', '01', 'SANTO TOMAS', 1),
	(808, '07', '07', '02', 'CAPACMARCA', 1),
	(809, '07', '07', '03', 'COLQUEMARCA', 1),
	(810, '07', '07', '04', 'CHAMACA', 1),
	(811, '07', '07', '05', 'LIVITACA', 1),
	(812, '07', '07', '06', 'LLUSCO', 1),
	(813, '07', '07', '07', 'QUIÑOTA', 1),
	(814, '07', '07', '08', 'VELILLE', 1),
	(815, '07', '08', '00', 'ESPINAR', 1),
	(816, '07', '08', '01', 'ESPINAR', 1),
	(817, '07', '08', '02', 'CONDOROMA', 1),
	(818, '07', '08', '03', 'COPORAQUE', 1),
	(819, '07', '08', '04', 'OCORURO', 1),
	(820, '07', '08', '05', 'PALLPATA', 1),
	(821, '07', '08', '06', 'PICHIGUA', 1),
	(822, '07', '08', '07', 'SUYCKUTAMBO', 1),
	(823, '07', '08', '08', 'ALTO PICHIGUA', 1),
	(824, '07', '09', '00', 'LA CONVENCION', 1),
	(825, '07', '09', '01', 'SANTA ANA', 1),
	(826, '07', '09', '02', 'ECHARATE', 1),
	(827, '07', '09', '03', 'HUAYOPATA', 1),
	(828, '07', '09', '04', 'MARANURA', 1),
	(829, '07', '09', '05', 'OCOBAMBA', 1),
	(830, '07', '09', '06', 'SANTA TERESA', 1),
	(831, '07', '09', '07', 'VILCABAMBA', 1),
	(832, '07', '09', '08', 'QUELLOUNO', 1),
	(833, '07', '09', '09', 'KIMBIRI', 1),
	(834, '07', '09', '10', 'PICHARI', 1),
	(835, '07', '10', '00', 'PARURO', 1),
	(836, '07', '10', '01', 'PARURO', 1),
	(837, '07', '10', '02', 'ACCHA', 1),
	(838, '07', '10', '03', 'CCAPI', 1),
	(839, '07', '10', '04', 'COLCHA', 1),
	(840, '07', '10', '05', 'HUANOQUITE', 1),
	(841, '07', '10', '06', 'OMACHA', 1),
	(842, '07', '10', '07', 'YAURISQUE', 1),
	(843, '07', '10', '08', 'PACCARITAMBO', 1),
	(844, '07', '10', '09', 'PILLPINTO', 1),
	(845, '07', '11', '00', 'PAUCARTAMBO', 1),
	(846, '07', '11', '01', 'PAUCARTAMBO', 1),
	(847, '07', '11', '02', 'CAICAY', 1),
	(848, '07', '11', '03', 'COLQUEPATA', 1),
	(849, '07', '11', '04', 'CHALLABAMBA', 1),
	(850, '07', '11', '05', 'KOSÑIPATA', 1),
	(851, '07', '11', '06', 'HUANCARANI', 1),
	(852, '07', '12', '00', 'QUISPICANCHI', 1),
	(853, '07', '12', '01', 'URCOS', 1),
	(854, '07', '12', '02', 'ANDAHUAYLILLAS', 1),
	(855, '07', '12', '03', 'CAMANTI', 1),
	(856, '07', '12', '04', 'CCARHUAYO', 1),
	(857, '07', '12', '05', 'CCATCA', 1),
	(858, '07', '12', '06', 'CUSIPATA', 1),
	(859, '07', '12', '07', 'HUARO', 1),
	(860, '07', '12', '08', 'LUCRE', 1),
	(861, '07', '12', '09', 'MARCAPATA', 1),
	(862, '07', '12', '10', 'OCONGATE', 1),
	(863, '07', '12', '11', 'OROPESA', 1),
	(864, '07', '12', '12', 'QUIQUIJANA', 1),
	(865, '07', '13', '00', 'URUBAMBA', 1),
	(866, '07', '13', '01', 'URUBAMBA', 1),
	(867, '07', '13', '02', 'CHINCHERO', 1),
	(868, '07', '13', '03', 'HUAYLLABAMBA', 1),
	(869, '07', '13', '04', 'MACHUPICCHU', 1),
	(870, '07', '13', '05', 'MARAS', 1),
	(871, '07', '13', '06', 'OLLANTAYTAMBO', 1),
	(872, '07', '13', '07', 'YUCAY', 1),
	(873, '08', '00', '00', 'HUANCAVELICA', 1),
	(874, '08', '01', '00', 'HUANCAVELICA', 1),
	(875, '08', '01', '01', 'HUANCAVELICA', 1),
	(876, '08', '01', '02', 'ACOBAMBILLA', 1),
	(877, '08', '01', '03', 'ACORIA', 1),
	(878, '08', '01', '04', 'CONAYCA', 1),
	(879, '08', '01', '05', 'CUENCA', 1),
	(880, '08', '01', '06', 'HUACHOCOLPA', 1),
	(881, '08', '01', '08', 'HUAYLLAHUARA', 1),
	(882, '08', '01', '09', 'IZCUCHACA', 1),
	(883, '08', '01', '10', 'LARIA', 1),
	(884, '08', '01', '11', 'MANTA', 1),
	(885, '08', '01', '12', 'MARISCAL CACERES', 1),
	(886, '08', '01', '13', 'MOYA', 1),
	(887, '08', '01', '14', 'NUEVO OCCORO', 1),
	(888, '08', '01', '15', 'PALCA', 1),
	(889, '08', '01', '16', 'PILCHACA', 1),
	(890, '08', '01', '17', 'VILCA', 1),
	(891, '08', '01', '18', 'YAULI', 1),
	(892, '08', '01', '19', 'ASCENSION', 1),
	(893, '08', '01', '20', 'HUANDO', 1),
	(894, '08', '02', '00', 'ACOBAMBA', 1),
	(895, '08', '02', '01', 'ACOBAMBA', 1),
	(896, '08', '02', '02', 'ANTA', 1),
	(897, '08', '02', '03', 'ANDABAMBA', 1),
	(898, '08', '02', '04', 'CAJA', 1),
	(899, '08', '02', '05', 'MARCAS', 1),
	(900, '08', '02', '06', 'PAUCARA', 1),
	(901, '08', '02', '07', 'POMACOCHA', 1),
	(902, '08', '02', '08', 'ROSARIO', 1),
	(903, '08', '03', '00', 'ANGARAES', 1),
	(904, '08', '03', '01', 'LIRCAY', 1),
	(905, '08', '03', '02', 'ANCHONGA', 1),
	(906, '08', '03', '03', 'CALLANMARCA', 1),
	(907, '08', '03', '04', 'CONGALLA', 1),
	(908, '08', '03', '05', 'CHINCHO', 1),
	(909, '08', '03', '06', 'HUALLAY-GRANDE', 1),
	(910, '08', '03', '07', 'HUANCA-HUANCA', 1),
	(911, '08', '03', '08', 'JULCAMARCA', 1),
	(912, '08', '03', '09', 'SAN ANTONIO DE ANTAPARCO', 1),
	(913, '08', '03', '10', 'SANTO TOMAS DE PATA', 1),
	(914, '08', '03', '11', 'SECCLLA', 1),
	(915, '08', '03', '12', 'CCOCHACCASA', 1),
	(916, '08', '04', '00', 'CASTROVIRREYNA', 1),
	(917, '08', '04', '01', 'CASTROVIRREYNA', 1),
	(918, '08', '04', '02', 'ARMA', 1),
	(919, '08', '04', '03', 'AURAHUA', 1),
	(920, '08', '04', '05', 'CAPILLAS', 1),
	(921, '08', '04', '06', 'COCAS', 1),
	(922, '08', '04', '08', 'CHUPAMARCA', 1),
	(923, '08', '04', '09', 'HUACHOS', 1),
	(924, '08', '04', '10', 'HUAMATAMBO', 1),
	(925, '08', '04', '14', 'MOLLEPAMPA', 1),
	(926, '08', '04', '22', 'SAN JUAN', 1),
	(927, '08', '04', '27', 'TANTARA', 1),
	(928, '08', '04', '28', 'TICRAPO', 1),
	(929, '08', '04', '29', 'SANTA ANA', 1),
	(930, '08', '05', '00', 'TAYACAJA', 1),
	(931, '08', '05', '01', 'PAMPAS', 1),
	(932, '08', '05', '02', 'ACOSTAMBO', 1),
	(933, '08', '05', '03', 'ACRAQUIA', 1),
	(934, '08', '05', '04', 'AHUAYCHA', 1),
	(935, '08', '05', '06', 'COLCABAMBA', 1),
	(936, '08', '05', '09', 'DANIEL HERNANDEZ', 1),
	(937, '08', '05', '11', 'HUACHOCOLPA', 1),
	(938, '08', '05', '12', 'HUARIBAMBA', 1),
	(939, '08', '05', '15', 'ÑAHUIMPUQUIO', 1),
	(940, '08', '05', '17', 'PAZOS', 1),
	(941, '08', '05', '18', 'QUISHUAR', 1),
	(942, '08', '05', '19', 'SALCABAMBA', 1),
	(943, '08', '05', '20', 'SAN MARCOS DE ROCCHAC', 1),
	(944, '08', '05', '23', 'SURCUBAMBA', 1),
	(945, '08', '05', '25', 'TINTAY PUNCU', 1),
	(946, '08', '05', '26', 'SALCAHUASI', 1),
	(947, '08', '06', '00', 'HUAYTARA', 1),
	(948, '08', '06', '01', 'AYAVI', 1),
	(949, '08', '06', '02', 'CORDOVA', 1),
	(950, '08', '06', '03', 'HUAYACUNDO ARMA', 1),
	(951, '08', '06', '04', 'HUAYTARA', 1),
	(952, '08', '06', '05', 'LARAMARCA', 1),
	(953, '08', '06', '06', 'OCOYO', 1),
	(954, '08', '06', '07', 'PILPICHACA', 1),
	(955, '08', '06', '08', 'QUERCO', 1),
	(956, '08', '06', '09', 'QUITO ARMA', 1),
	(957, '08', '06', '10', 'SAN ANTONIO DE CUSICANCHA', 1),
	(958, '08', '06', '11', 'SAN FRANCISCO DE SANGAYAICO', 1),
	(959, '08', '06', '12', 'SAN ISIDRO', 1),
	(960, '08', '06', '13', 'SANTIAGO DE CHOCORVOS', 1),
	(961, '08', '06', '14', 'SANTIAGO DE QUIRAHUARA', 1),
	(962, '08', '06', '15', 'SANTO DOMINGO DE CAPILLAS', 1),
	(963, '08', '06', '16', 'TAMBO', 1),
	(964, '08', '07', '00', 'CHURCAMPA', 1),
	(965, '08', '07', '01', 'CHURCAMPA', 1),
	(966, '08', '07', '02', 'ANCO', 1),
	(967, '08', '07', '03', 'CHINCHIHUASI', 1),
	(968, '08', '07', '04', 'EL CARMEN', 1),
	(969, '08', '07', '05', 'LA MERCED', 1),
	(970, '08', '07', '06', 'LOCROJA', 1),
	(971, '08', '07', '07', 'PAUCARBAMBA', 1),
	(972, '08', '07', '08', 'SAN MIGUEL DE MAYOCC', 1),
	(973, '08', '07', '09', 'SAN PEDRO DE CORIS', 1),
	(974, '08', '07', '10', 'PACHAMARCA', 1),
	(975, '08', '07', '11', 'COSME', 1),
	(976, '09', '00', '00', 'HUANUCO', 1),
	(977, '09', '01', '00', 'HUANUCO', 1),
	(978, '09', '01', '01', 'HUANUCO', 1),
	(979, '09', '01', '02', 'CHINCHAO', 1),
	(980, '09', '01', '03', 'CHURUBAMBA', 1),
	(981, '09', '01', '04', 'MARGOS', 1),
	(982, '09', '01', '05', 'QUISQUI', 1),
	(983, '09', '01', '06', 'SAN FRANCISCO DE CAYRAN', 1),
	(984, '09', '01', '07', 'SAN PEDRO DE CHAULAN', 1),
	(985, '09', '01', '08', 'SANTA MARIA DEL VALLE', 1),
	(986, '09', '01', '09', 'YARUMAYO', 1),
	(987, '09', '01', '10', 'AMARILIS', 1),
	(988, '09', '01', '11', 'PILLCO MARCA', 1),
	(989, '09', '01', '12', 'YACUS', 1),
	(990, '09', '02', '00', 'AMBO', 1),
	(991, '09', '02', '01', 'AMBO', 1),
	(992, '09', '02', '02', 'CAYNA', 1),
	(993, '09', '02', '03', 'COLPAS', 1),
	(994, '09', '02', '04', 'CONCHAMARCA', 1),
	(995, '09', '02', '05', 'HUACAR', 1),
	(996, '09', '02', '06', 'SAN FRANCISCO', 1),
	(997, '09', '02', '07', 'SAN RAFAEL', 1),
	(998, '09', '02', '08', 'TOMAY-KICHWA', 1),
	(999, '09', '03', '00', 'DOS DE MAYO', 1),
	(1000, '09', '03', '01', 'LA UNION', 1),
	(1001, '09', '03', '07', 'CHUQUIS', 1),
	(1002, '09', '03', '12', 'MARIAS', 1),
	(1003, '09', '03', '14', 'PACHAS', 1),
	(1004, '09', '03', '16', 'QUIVILLA', 1),
	(1005, '09', '03', '17', 'RIPAN', 1),
	(1006, '09', '03', '21', 'SHUNQUI', 1),
	(1007, '09', '03', '22', 'SILLAPATA', 1),
	(1008, '09', '03', '23', 'YANAS', 1),
	(1009, '09', '04', '00', 'HUAMALIES', 1),
	(1010, '09', '04', '01', 'LLATA', 1),
	(1011, '09', '04', '02', 'ARANCAY', 1),
	(1012, '09', '04', '03', 'CHAVIN DE PARIARCA', 1),
	(1013, '09', '04', '04', 'JACAS GRANDE', 1),
	(1014, '09', '04', '05', 'JIRCAN', 1),
	(1015, '09', '04', '06', 'MIRAFLORES', 1),
	(1016, '09', '04', '07', 'MONZON', 1),
	(1017, '09', '04', '08', 'PUNCHAO', 1),
	(1018, '09', '04', '09', 'PUÑOS', 1),
	(1019, '09', '04', '10', 'SINGA', 1),
	(1020, '09', '04', '11', 'TANTAMAYO', 1),
	(1021, '09', '05', '00', 'MARAÑON', 1),
	(1022, '09', '05', '01', 'HUACRACHUCO', 1),
	(1023, '09', '05', '02', 'CHOLON', 1),
	(1024, '09', '05', '05', 'SAN BUENAVENTURA', 1),
	(1025, '09', '06', '00', 'LEONCIO PRADO', 1),
	(1026, '09', '06', '01', 'RUPA-RUPA', 1),
	(1027, '09', '06', '02', 'DANIEL ALOMIA ROBLES', 1),
	(1028, '09', '06', '03', 'HERMILIO VALDIZAN', 1),
	(1029, '09', '06', '04', 'LUYANDO', 1),
	(1030, '09', '06', '05', 'MARIANO DAMASO BERAUN', 1),
	(1031, '09', '06', '06', 'JOSE CRESPO Y CASTILLO', 1),
	(1032, '09', '07', '00', 'PACHITEA', 1),
	(1033, '09', '07', '01', 'PANAO', 1),
	(1034, '09', '07', '02', 'CHAGLLA', 1),
	(1035, '09', '07', '04', 'MOLINO', 1),
	(1036, '09', '07', '06', 'UMARI', 1),
	(1037, '09', '08', '00', 'PUERTO INCA', 1),
	(1038, '09', '08', '01', 'HONORIA', 1),
	(1039, '09', '08', '02', 'PUERTO INCA', 1),
	(1040, '09', '08', '03', 'CODO DEL POZUZO', 1),
	(1041, '09', '08', '04', 'TOURNAVISTA', 1),
	(1042, '09', '08', '05', 'YUYAPICHIS', 1),
	(1043, '09', '09', '00', 'HUACAYBAMBA', 1),
	(1044, '09', '09', '01', 'HUACAYBAMBA', 1),
	(1045, '09', '09', '02', 'PINRA', 1),
	(1046, '09', '09', '03', 'CANCHABAMBA', 1),
	(1047, '09', '09', '04', 'COCHABAMBA', 1),
	(1048, '09', '10', '00', 'LAURICOCHA', 1),
	(1049, '09', '10', '01', 'JESUS', 1),
	(1050, '09', '10', '02', 'BAÑOS', 1),
	(1051, '09', '10', '03', 'SAN FRANCISCO DE ASIS', 1),
	(1052, '09', '10', '04', 'QUEROPALCA', 1),
	(1053, '09', '10', '05', 'SAN MIGUEL DE CAURI', 1),
	(1054, '09', '10', '06', 'RONDOS', 1),
	(1055, '09', '10', '07', 'JIVIA', 1),
	(1056, '09', '11', '00', 'YAROWILCA', 1),
	(1057, '09', '11', '01', 'CHAVINILLO', 1),
	(1058, '09', '11', '02', 'APARICIO POMARES', 1),
	(1059, '09', '11', '03', 'CAHUAC', 1),
	(1060, '09', '11', '04', 'CHACABAMBA', 1),
	(1061, '09', '11', '05', 'JACAS CHICO', 1),
	(1062, '09', '11', '06', 'OBAS', 1),
	(1063, '09', '11', '07', 'PAMPAMARCA', 1),
	(1064, '09', '11', '08', 'CHORAS', 1),
	(1065, '10', '00', '00', 'ICA', 1),
	(1066, '10', '01', '00', 'ICA', 1),
	(1067, '10', '01', '01', 'ICA', 1),
	(1068, '10', '01', '02', 'LA TINGUIÑA', 1),
	(1069, '10', '01', '03', 'LOS AQUIJES', 1),
	(1070, '10', '01', '04', 'PARCONA', 1),
	(1071, '10', '01', '05', 'PUEBLO NUEVO', 1),
	(1072, '10', '01', '06', 'SALAS', 1),
	(1073, '10', '01', '07', 'SAN JOSE DE LOS MOLINOS', 1),
	(1074, '10', '01', '08', 'SAN JUAN BAUTISTA', 1),
	(1075, '10', '01', '09', 'SANTIAGO', 1),
	(1076, '10', '01', '10', 'SUBTANJALLA', 1),
	(1077, '10', '01', '11', 'YAUCA DEL ROSARIO', 1),
	(1078, '10', '01', '12', 'TATE', 1),
	(1079, '10', '01', '13', 'PACHACUTEC', 1),
	(1080, '10', '01', '14', 'OCUCAJE', 1),
	(1081, '10', '02', '00', 'CHINCHA', 1),
	(1082, '10', '02', '01', 'CHINCHA ALTA', 1),
	(1083, '10', '02', '02', 'CHAVIN', 1),
	(1084, '10', '02', '03', 'CHINCHA BAJA', 1),
	(1085, '10', '02', '04', 'EL CARMEN', 1),
	(1086, '10', '02', '05', 'GROCIO PRADO', 1),
	(1087, '10', '02', '06', 'SAN PEDRO DE HUACARPANA', 1),
	(1088, '10', '02', '07', 'SUNAMPE', 1),
	(1089, '10', '02', '08', 'TAMBO DE MORA', 1),
	(1090, '10', '02', '09', 'ALTO LARAN', 1),
	(1091, '10', '02', '10', 'PUEBLO NUEVO', 1),
	(1092, '10', '02', '11', 'SAN JUAN DE YANAC', 1),
	(1093, '10', '03', '00', 'NAZCA', 1),
	(1094, '10', '03', '01', 'NAZCA', 1),
	(1095, '10', '03', '02', 'CHANGUILLO', 1),
	(1096, '10', '03', '03', 'EL INGENIO', 1),
	(1097, '10', '03', '04', 'MARCONA', 1),
	(1098, '10', '03', '05', 'VISTA ALEGRE', 1),
	(1099, '10', '04', '00', 'PISCO', 1),
	(1100, '10', '04', '01', 'PISCO', 1),
	(1101, '10', '04', '02', 'HUANCANO', 1),
	(1102, '10', '04', '03', 'HUMAY', 1),
	(1103, '10', '04', '04', 'INDEPENDENCIA', 1),
	(1104, '10', '04', '05', 'PARACAS', 1),
	(1105, '10', '04', '06', 'SAN ANDRES', 1),
	(1106, '10', '04', '07', 'SAN CLEMENTE', 1),
	(1107, '10', '04', '08', 'TUPAC AMARU INCA', 1),
	(1108, '10', '05', '00', 'PALPA', 1),
	(1109, '10', '05', '01', 'PALPA', 1),
	(1110, '10', '05', '02', 'LLIPATA', 1),
	(1111, '10', '05', '03', 'RIO GRANDE', 1),
	(1112, '10', '05', '04', 'SANTA CRUZ', 1),
	(1113, '10', '05', '05', 'TIBILLO', 1),
	(1114, '11', '00', '00', 'JUNIN', 1),
	(1115, '11', '01', '00', 'HUANCAYO', 1),
	(1116, '11', '01', '01', 'HUANCAYO', 1),
	(1117, '11', '01', '03', 'CARHUACALLANGA', 1),
	(1118, '11', '01', '04', 'COLCA', 1),
	(1119, '11', '01', '05', 'CULLHUAS', 1),
	(1120, '11', '01', '06', 'CHACAPAMPA', 1),
	(1121, '11', '01', '07', 'CHICCHE', 1),
	(1122, '11', '01', '08', 'CHILCA', 1),
	(1123, '11', '01', '09', 'CHONGOS ALTO', 1),
	(1124, '11', '01', '12', 'CHUPURO', 1),
	(1125, '11', '01', '13', 'EL TAMBO', 1),
	(1126, '11', '01', '14', 'HUACRAPUQUIO', 1),
	(1127, '11', '01', '16', 'HUALHUAS', 1),
	(1128, '11', '01', '18', 'HUANCAN', 1),
	(1129, '11', '01', '19', 'HUASICANCHA', 1),
	(1130, '11', '01', '20', 'HUAYUCACHI', 1),
	(1131, '11', '01', '21', 'INGENIO', 1),
	(1132, '11', '01', '22', 'PARIAHUANCA', 1),
	(1133, '11', '01', '23', 'PILCOMAYO', 1),
	(1134, '11', '01', '24', 'PUCARA', 1),
	(1135, '11', '01', '25', 'QUICHUAY', 1),
	(1136, '11', '01', '26', 'QUILCAS', 1),
	(1137, '11', '01', '27', 'SAN AGUSTIN', 1),
	(1138, '11', '01', '28', 'SAN JERONIMO DE TUNAN', 1),
	(1139, '11', '01', '31', 'SANTO DOMINGO DE ACOBAMBA', 1),
	(1140, '11', '01', '32', 'SAÑO', 1),
	(1141, '11', '01', '33', 'SAPALLANGA', 1),
	(1142, '11', '01', '34', 'SICAYA', 1),
	(1143, '11', '01', '36', 'VIQUES', 1),
	(1144, '11', '02', '00', 'CONCEPCION', 1),
	(1145, '11', '02', '01', 'CONCEPCION', 1),
	(1146, '11', '02', '02', 'ACO', 1),
	(1147, '11', '02', '03', 'ANDAMARCA', 1),
	(1148, '11', '02', '04', 'COMAS', 1),
	(1149, '11', '02', '05', 'COCHAS', 1),
	(1150, '11', '02', '06', 'CHAMBARA', 1),
	(1151, '11', '02', '07', 'HEROINAS TOLEDO', 1),
	(1152, '11', '02', '08', 'MANZANARES', 1),
	(1153, '11', '02', '09', 'MARISCAL CASTILLA', 1),
	(1154, '11', '02', '10', 'MATAHUASI', 1),
	(1155, '11', '02', '11', 'MITO', 1),
	(1156, '11', '02', '12', 'NUEVE DE JULIO', 1),
	(1157, '11', '02', '13', 'ORCOTUNA', 1),
	(1158, '11', '02', '14', 'SANTA ROSA DE OCOPA', 1),
	(1159, '11', '02', '15', 'SAN JOSE DE QUERO', 1),
	(1160, '11', '03', '00', 'JAUJA', 1),
	(1161, '11', '03', '01', 'JAUJA', 1),
	(1162, '11', '03', '02', 'ACOLLA', 1),
	(1163, '11', '03', '03', 'APATA', 1),
	(1164, '11', '03', '04', 'ATAURA', 1),
	(1165, '11', '03', '05', 'CANCHAYLLO', 1),
	(1166, '11', '03', '06', 'EL MANTARO', 1),
	(1167, '11', '03', '07', 'HUAMALI', 1),
	(1168, '11', '03', '08', 'HUARIPAMPA', 1),
	(1169, '11', '03', '09', 'HUERTAS', 1),
	(1170, '11', '03', '10', 'JANJAILLO', 1),
	(1171, '11', '03', '11', 'JULCAN', 1),
	(1172, '11', '03', '12', 'LEONOR ORDOÑEZ', 1),
	(1173, '11', '03', '13', 'LLOCLLAPAMPA', 1),
	(1174, '11', '03', '14', 'MARCO', 1),
	(1175, '11', '03', '15', 'MASMA', 1),
	(1176, '11', '03', '16', 'MOLINOS', 1),
	(1177, '11', '03', '17', 'MONOBAMBA', 1),
	(1178, '11', '03', '18', 'MUQUI', 1),
	(1179, '11', '03', '19', 'MUQUIYAUYO', 1),
	(1180, '11', '03', '20', 'PACA', 1),
	(1181, '11', '03', '21', 'PACCHA', 1),
	(1182, '11', '03', '22', 'PANCAN', 1),
	(1183, '11', '03', '23', 'PARCO', 1),
	(1184, '11', '03', '24', 'POMACANCHA', 1),
	(1185, '11', '03', '25', 'RICRAN', 1),
	(1186, '11', '03', '26', 'SAN LORENZO', 1),
	(1187, '11', '03', '27', 'SAN PEDRO DE CHUNAN', 1),
	(1188, '11', '03', '28', 'SINCOS', 1),
	(1189, '11', '03', '29', 'TUNAN MARCA', 1),
	(1190, '11', '03', '30', 'YAULI', 1),
	(1191, '11', '03', '31', 'CURICACA', 1),
	(1192, '11', '03', '32', 'MASMA CHICCHE', 1),
	(1193, '11', '03', '33', 'SAUSA', 1),
	(1194, '11', '03', '34', 'YAUYOS', 1),
	(1195, '11', '04', '00', 'JUNIN', 1),
	(1196, '11', '04', '01', 'JUNIN', 1),
	(1197, '11', '04', '02', 'CARHUAMAYO', 1),
	(1198, '11', '04', '03', 'ONDORES', 1),
	(1199, '11', '04', '04', 'ULCUMAYO', 1),
	(1200, '11', '05', '00', 'TARMA', 1),
	(1201, '11', '05', '01', 'TARMA', 1),
	(1202, '11', '05', '02', 'ACOBAMBA', 1),
	(1203, '11', '05', '03', 'HUARICOLCA', 1),
	(1204, '11', '05', '04', 'HUASAHUASI', 1),
	(1205, '11', '05', '05', 'LA UNION', 1),
	(1206, '11', '05', '06', 'PALCA', 1),
	(1207, '11', '05', '07', 'PALCAMAYO', 1),
	(1208, '11', '05', '08', 'SAN PEDRO DE CAJAS', 1),
	(1209, '11', '05', '09', 'TAPO', 1),
	(1210, '11', '06', '00', 'YAULI', 1),
	(1211, '11', '06', '01', 'LA OROYA', 1),
	(1212, '11', '06', '02', 'CHACAPALPA', 1),
	(1213, '11', '06', '03', 'HUAY HUAY', 1),
	(1214, '11', '06', '04', 'MARCAPOMACOCHA', 1),
	(1215, '11', '06', '05', 'MOROCOCHA', 1),
	(1216, '11', '06', '06', 'PACCHA', 1),
	(1217, '11', '06', '07', 'SANTA BARBARA DE CARHUACAYAN', 1),
	(1218, '11', '06', '08', 'SUITUCANCHA', 1),
	(1219, '11', '06', '09', 'YAULI', 1),
	(1220, '11', '06', '10', 'SANTA ROSA DE SACCO', 1),
	(1221, '11', '07', '00', 'SATIPO', 1),
	(1222, '11', '07', '01', 'SATIPO', 1),
	(1223, '11', '07', '02', 'COVIRIALI', 1),
	(1224, '11', '07', '03', 'LLAYLLA', 1),
	(1225, '11', '07', '04', 'MAZAMARI', 1),
	(1226, '11', '07', '05', 'PAMPA HERMOSA', 1),
	(1227, '11', '07', '06', 'PANGOA', 1),
	(1228, '11', '07', '07', 'RIO NEGRO', 1),
	(1229, '11', '07', '08', 'RIO TAMBO', 1),
	(1230, '11', '08', '00', 'CHANCHAMAYO', 1),
	(1231, '11', '08', '01', 'CHANCHAMAYO', 1),
	(1232, '11', '08', '02', 'SAN RAMON', 1),
	(1233, '11', '08', '03', 'VITOC', 1),
	(1234, '11', '08', '04', 'SAN LUIS DE SHUARO', 1),
	(1235, '11', '08', '05', 'PICHANAQUI', 1),
	(1236, '11', '08', '06', 'PERENE', 1),
	(1237, '11', '09', '00', 'CHUPACA', 1),
	(1238, '11', '09', '01', 'CHUPACA', 1),
	(1239, '11', '09', '02', 'AHUAC', 1),
	(1240, '11', '09', '03', 'CHONGOS BAJO', 1),
	(1241, '11', '09', '04', 'HUACHAC', 1),
	(1242, '11', '09', '05', 'HUAMANCACA CHICO', 1),
	(1243, '11', '09', '06', 'SAN JUAN DE YSCOS', 1),
	(1244, '11', '09', '07', 'SAN JUAN DE JARPA', 1),
	(1245, '11', '09', '08', 'TRES DE DICIEMBRE', 1),
	(1246, '11', '09', '09', 'YANACANCHA', 1),
	(1247, '12', '00', '00', 'LA LIBERTAD', 1),
	(1248, '12', '01', '00', 'TRUJILLO', 1),
	(1249, '12', '01', '01', 'TRUJILLO', 1),
	(1250, '12', '01', '02', 'HUANCHACO', 1),
	(1251, '12', '01', '03', 'LAREDO', 1),
	(1252, '12', '01', '04', 'MOCHE', 1),
	(1253, '12', '01', '05', 'SALAVERRY', 1),
	(1254, '12', '01', '06', 'SIMBAL', 1),
	(1255, '12', '01', '07', 'VICTOR LARCO HERRERA', 1),
	(1256, '12', '01', '09', 'POROTO', 1),
	(1257, '12', '01', '10', 'EL PORVENIR', 1),
	(1258, '12', '01', '11', 'LA ESPERANZA', 1),
	(1259, '12', '01', '12', 'FLORENCIA DE MORA', 1),
	(1260, '12', '02', '00', 'BOLIVAR', 1),
	(1261, '12', '02', '01', 'BOLIVAR', 1),
	(1262, '12', '02', '02', 'BAMBAMARCA', 1),
	(1263, '12', '02', '03', 'CONDORMARCA', 1),
	(1264, '12', '02', '04', 'LONGOTEA', 1),
	(1265, '12', '02', '05', 'UCUNCHA', 1),
	(1266, '12', '02', '06', 'UCHUMARCA', 1),
	(1267, '12', '03', '00', 'SANCHEZ CARRION', 1),
	(1268, '12', '03', '01', 'HUAMACHUCO', 1),
	(1269, '12', '03', '02', 'COCHORCO', 1),
	(1270, '12', '03', '03', 'CURGOS', 1),
	(1271, '12', '03', '04', 'CHUGAY', 1),
	(1272, '12', '03', '05', 'MARCABAL', 1),
	(1273, '12', '03', '06', 'SANAGORAN', 1),
	(1274, '12', '03', '07', 'SARIN', 1),
	(1275, '12', '03', '08', 'SARTIMBAMBA', 1),
	(1276, '12', '04', '00', 'OTUZCO', 1),
	(1277, '12', '04', '01', 'OTUZCO', 1),
	(1278, '12', '04', '02', 'AGALLPAMPA', 1),
	(1279, '12', '04', '03', 'CHARAT', 1),
	(1280, '12', '04', '04', 'HUARANCHAL', 1),
	(1281, '12', '04', '05', 'LA CUESTA', 1),
	(1282, '12', '04', '08', 'PARANDAY', 1),
	(1283, '12', '04', '09', 'SALPO', 1),
	(1284, '12', '04', '10', 'SINSICAP', 1),
	(1285, '12', '04', '11', 'USQUIL', 1),
	(1286, '12', '04', '13', 'MACHE', 1),
	(1287, '12', '05', '00', 'PACASMAYO', 1),
	(1288, '12', '05', '01', 'SAN PEDRO DE LLOC', 1),
	(1289, '12', '05', '03', 'GUADALUPE', 1),
	(1290, '12', '05', '04', 'JEQUETEPEQUE', 1),
	(1291, '12', '05', '06', 'PACASMAYO', 1),
	(1292, '12', '05', '08', 'SAN JOSE', 1),
	(1293, '12', '06', '00', 'PATAZ', 1),
	(1294, '12', '06', '01', 'TAYABAMBA', 1),
	(1295, '12', '06', '02', 'BULDIBUYO', 1),
	(1296, '12', '06', '03', 'CHILLIA', 1),
	(1297, '12', '06', '04', 'HUAYLILLAS', 1),
	(1298, '12', '06', '05', 'HUANCASPATA', 1),
	(1299, '12', '06', '06', 'HUAYO', 1),
	(1300, '12', '06', '07', 'ONGON', 1),
	(1301, '12', '06', '08', 'PARCOY', 1),
	(1302, '12', '06', '09', 'PATAZ', 1),
	(1303, '12', '06', '10', 'PIAS', 1),
	(1304, '12', '06', '11', 'TAURIJA', 1),
	(1305, '12', '06', '12', 'URPAY', 1),
	(1306, '12', '06', '13', 'SANTIAGO DE CHALLAS', 1),
	(1307, '12', '07', '00', 'SANTIAGO DE CHUCO', 1),
	(1308, '12', '07', '01', 'SANTIAGO DE CHUCO', 1),
	(1309, '12', '07', '02', 'CACHICADAN', 1),
	(1310, '12', '07', '03', 'MOLLEBAMBA', 1),
	(1311, '12', '07', '04', 'MOLLEPATA', 1),
	(1312, '12', '07', '05', 'QUIRUVILCA', 1),
	(1313, '12', '07', '06', 'SANTA CRUZ DE CHUCA', 1),
	(1314, '12', '07', '07', 'SITABAMBA', 1),
	(1315, '12', '07', '08', 'ANGASMARCA', 1),
	(1316, '12', '08', '00', 'ASCOPE', 1),
	(1317, '12', '08', '01', 'ASCOPE', 1),
	(1318, '12', '08', '02', 'CHICAMA', 1),
	(1319, '12', '08', '03', 'CHOCOPE', 1),
	(1320, '12', '08', '04', 'SANTIAGO DE CAO', 1),
	(1321, '12', '08', '05', 'MAGDALENA DE CAO', 1),
	(1322, '12', '08', '06', 'PAIJAN', 1),
	(1323, '12', '08', '07', 'RAZURI', 1),
	(1324, '12', '08', '08', 'CASA GRANDE', 1),
	(1325, '12', '09', '00', 'CHEPEN', 1),
	(1326, '12', '09', '01', 'CHEPEN', 1),
	(1327, '12', '09', '02', 'PACANGA', 1),
	(1328, '12', '09', '03', 'PUEBLO NUEVO', 1),
	(1329, '12', '10', '00', 'JULCAN', 1),
	(1330, '12', '10', '01', 'JULCAN', 1),
	(1331, '12', '10', '02', 'CARABAMBA', 1),
	(1332, '12', '10', '03', 'CALAMARCA', 1),
	(1333, '12', '10', '04', 'HUASO', 1),
	(1334, '12', '11', '00', 'GRAN CHIMU', 1),
	(1335, '12', '11', '01', 'CASCAS', 1),
	(1336, '12', '11', '02', 'LUCMA', 1),
	(1337, '12', '11', '03', 'MARMOT', 1),
	(1338, '12', '11', '04', 'SAYAPULLO', 1),
	(1339, '12', '12', '00', 'VIRU', 1),
	(1340, '12', '12', '01', 'VIRU', 1),
	(1341, '12', '12', '02', 'CHAO', 1),
	(1342, '12', '12', '03', 'GUADALUPITO', 1),
	(1343, '13', '00', '00', 'LAMBAYEQUE', 1),
	(1344, '13', '01', '00', 'CHICLAYO', 1),
	(1345, '13', '01', '01', 'CHICLAYO', 1),
	(1346, '13', '01', '02', 'CHONGOYAPE', 1),
	(1347, '13', '01', '03', 'ETEN', 1),
	(1348, '13', '01', '04', 'ETEN PUERTO', 1),
	(1349, '13', '01', '05', 'LAGUNAS', 1),
	(1350, '13', '01', '06', 'MONSEFU', 1),
	(1351, '13', '01', '07', 'NUEVA ARICA', 1),
	(1352, '13', '01', '08', 'OYOTUN', 1),
	(1353, '13', '01', '09', 'PICSI', 1),
	(1354, '13', '01', '10', 'PIMENTEL', 1),
	(1355, '13', '01', '11', 'REQUE', 1),
	(1356, '13', '01', '12', 'JOSE LEONARDO ORTIZ', 1),
	(1357, '13', '01', '13', 'SANTA ROSA', 1),
	(1358, '13', '01', '14', 'SAÑA', 1),
	(1359, '13', '01', '15', 'LA VICTORIA', 1),
	(1360, '13', '01', '16', 'CAYALTI', 1),
	(1361, '13', '01', '17', 'PATAPO', 1),
	(1362, '13', '01', '18', 'POMALCA', 1),
	(1363, '13', '01', '19', 'PUCALA', 1),
	(1364, '13', '01', '20', 'TUMAN', 1),
	(1365, '13', '02', '00', 'FERREÑAFE', 1),
	(1366, '13', '02', '01', 'FERREÑAFE', 1),
	(1367, '13', '02', '02', 'INCAHUASI', 1),
	(1368, '13', '02', '03', 'CAÑARIS', 1),
	(1369, '13', '02', '04', 'PITIPO', 1),
	(1370, '13', '02', '05', 'PUEBLO NUEVO', 1),
	(1371, '13', '02', '06', 'MANUEL ANTONIO MESONES MURO', 1),
	(1372, '13', '03', '00', 'LAMBAYEQUE', 1),
	(1373, '13', '03', '01', 'LAMBAYEQUE', 1),
	(1374, '13', '03', '02', 'CHOCHOPE', 1),
	(1375, '13', '03', '03', 'ILLIMO', 1),
	(1376, '13', '03', '04', 'JAYANCA', 1),
	(1377, '13', '03', '05', 'MOCHUMI', 1),
	(1378, '13', '03', '06', 'MORROPE', 1),
	(1379, '13', '03', '07', 'MOTUPE', 1),
	(1380, '13', '03', '08', 'OLMOS', 1),
	(1381, '13', '03', '09', 'PACORA', 1),
	(1382, '13', '03', '10', 'SALAS', 1),
	(1383, '13', '03', '11', 'SAN JOSE', 1),
	(1384, '13', '03', '12', 'TUCUME', 1),
	(1385, '14', '00', '00', 'LIMA', 1),
	(1386, '14', '01', '00', 'LIMA', 1),
	(1387, '14', '01', '01', 'LIMA', 1),
	(1388, '14', '01', '02', 'ANCON', 1),
	(1389, '14', '01', '03', 'ATE', 1),
	(1390, '14', '01', '04', 'BREÑA', 1),
	(1391, '14', '01', '05', 'CARABAYLLO', 1),
	(1392, '14', '01', '06', 'COMAS', 1),
	(1393, '14', '01', '07', 'CHACLACAYO', 1),
	(1394, '14', '01', '08', 'CHORRILLOS', 1),
	(1395, '14', '01', '09', 'LA VICTORIA', 1),
	(1396, '14', '01', '10', 'LA MOLINA', 1),
	(1397, '14', '01', '11', 'LINCE', 1),
	(1398, '14', '01', '12', 'LURIGANCHO', 1),
	(1399, '14', '01', '13', 'LURIN', 1),
	(1400, '14', '01', '14', 'MAGDALENA DEL MAR', 1),
	(1401, '14', '01', '15', 'MIRAFLORES', 1),
	(1402, '14', '01', '16', 'PACHACAMAC', 1),
	(1403, '14', '01', '17', 'PUEBLO LIBRE', 1),
	(1404, '14', '01', '18', 'PUCUSANA', 1),
	(1405, '14', '01', '19', 'PUENTE PIEDRA', 1),
	(1406, '14', '01', '20', 'PUNTA HERMOSA', 1),
	(1407, '14', '01', '21', 'PUNTA NEGRA', 1),
	(1408, '14', '01', '22', 'RIMAC', 1),
	(1409, '14', '01', '23', 'SAN BARTOLO', 1),
	(1410, '14', '01', '24', 'SAN ISIDRO', 1),
	(1411, '14', '01', '25', 'BARRANCO', 1),
	(1412, '14', '01', '26', 'SAN MARTIN DE PORRES', 1),
	(1413, '14', '01', '27', 'SAN MIGUEL', 1),
	(1414, '14', '01', '28', 'SANTA MARIA DEL MAR', 1),
	(1415, '14', '01', '29', 'SANTA ROSA', 1),
	(1416, '14', '01', '30', 'SANTIAGO DE SURCO', 1),
	(1417, '14', '01', '31', 'SURQUILLO', 1),
	(1418, '14', '01', '32', 'VILLA MARIA DEL TRIUNFO', 1),
	(1419, '14', '01', '33', 'JESUS MARIA', 1),
	(1420, '14', '01', '34', 'INDEPENDENCIA', 1),
	(1421, '14', '01', '35', 'EL AGUSTINO', 1),
	(1422, '14', '01', '36', 'SAN JUAN DE MIRAFLORES', 1),
	(1423, '14', '01', '37', 'SAN JUAN DE LURIGANCHO', 1),
	(1424, '14', '01', '38', 'SAN LUIS', 1),
	(1425, '14', '01', '39', 'CIENEGUILLA', 1),
	(1426, '14', '01', '40', 'SAN BORJA', 1),
	(1427, '14', '01', '41', 'VILLA EL SALVADOR', 1),
	(1428, '14', '01', '42', 'LOS OLIVOS', 1),
	(1429, '14', '01', '43', 'SANTA ANITA', 1),
	(1430, '14', '02', '00', 'CAJATAMBO', 1),
	(1431, '14', '02', '01', 'CAJATAMBO', 1),
	(1432, '14', '02', '05', 'COPA', 1),
	(1433, '14', '02', '06', 'GORGOR', 1),
	(1434, '14', '02', '07', 'HUANCAPON', 1),
	(1435, '14', '02', '08', 'MANAS', 1),
	(1436, '14', '03', '00', 'CANTA', 1),
	(1437, '14', '03', '01', 'CANTA', 1),
	(1438, '14', '03', '02', 'ARAHUAY', 1),
	(1439, '14', '03', '03', 'HUAMANTANGA', 1),
	(1440, '14', '03', '04', 'HUAROS', 1),
	(1441, '14', '03', '05', 'LACHAQUI', 1),
	(1442, '14', '03', '06', 'SAN BUENAVENTURA', 1),
	(1443, '14', '03', '07', 'SANTA ROSA DE QUIVES', 1),
	(1444, '14', '04', '00', 'CAÑETE', 1),
	(1445, '14', '04', '01', 'SAN VICENTE DE CAÑETE', 1),
	(1446, '14', '04', '02', 'CALANGO', 1),
	(1447, '14', '04', '03', 'CERRO AZUL', 1),
	(1448, '14', '04', '04', 'COAYLLO', 1),
	(1449, '14', '04', '05', 'CHILCA', 1),
	(1450, '14', '04', '06', 'IMPERIAL', 1),
	(1451, '14', '04', '07', 'LUNAHUANA', 1),
	(1452, '14', '04', '08', 'MALA', 1),
	(1453, '14', '04', '09', 'NUEVO IMPERIAL', 1),
	(1454, '14', '04', '10', 'PACARAN', 1),
	(1455, '14', '04', '11', 'QUILMANA', 1),
	(1456, '14', '04', '12', 'SAN ANTONIO', 1),
	(1457, '14', '04', '13', 'SAN LUIS', 1),
	(1458, '14', '04', '14', 'SANTA CRUZ DE FLORES', 1),
	(1459, '14', '04', '15', 'ZUÑIGA', 1),
	(1460, '14', '04', '16', 'ASIA', 1),
	(1461, '14', '05', '00', 'HUAURA', 1),
	(1462, '14', '05', '01', 'HUACHO', 1),
	(1463, '14', '05', '02', 'AMBAR', 1),
	(1464, '14', '05', '04', 'CALETA DE CARQUIN', 1),
	(1465, '14', '05', '05', 'CHECRAS', 1),
	(1466, '14', '05', '06', 'HUALMAY', 1),
	(1467, '14', '05', '07', 'HUAURA', 1),
	(1468, '14', '05', '08', 'LEONCIO PRADO', 1),
	(1469, '14', '05', '09', 'PACCHO', 1),
	(1470, '14', '05', '11', 'SANTA LEONOR', 1),
	(1471, '14', '05', '12', 'SANTA MARIA', 1),
	(1472, '14', '05', '13', 'SAYAN', 1),
	(1473, '14', '05', '16', 'VEGUETA', 1),
	(1474, '14', '06', '00', 'HUAROCHIRI', 1),
	(1475, '14', '06', '01', 'MATUCANA', 1),
	(1476, '14', '06', '02', 'ANTIOQUIA', 1),
	(1477, '14', '06', '03', 'CALLAHUANCA', 1),
	(1478, '14', '06', '04', 'CARAMPOMA', 1),
	(1479, '14', '06', '05', 'CASTA', 1),
	(1480, '14', '06', '06', 'SAN JOSE DE LOS CHORRILLOS', 1),
	(1481, '14', '06', '07', 'CHICLA', 1),
	(1482, '14', '06', '08', 'HUANZA', 1),
	(1483, '14', '06', '09', 'HUAROCHIRI', 1),
	(1484, '14', '06', '10', 'LAHUAYTAMBO', 1),
	(1485, '14', '06', '11', 'LANGA', 1),
	(1486, '14', '06', '12', 'MARIATANA', 1),
	(1487, '14', '06', '13', 'RICARDO PALMA', 1),
	(1488, '14', '06', '14', 'SAN ANDRES DE TUPICOCHA', 1),
	(1489, '14', '06', '15', 'SAN ANTONIO', 1),
	(1490, '14', '06', '16', 'SAN BARTOLOME', 1),
	(1491, '14', '06', '17', 'SAN DAMIAN', 1),
	(1492, '14', '06', '18', 'SANGALLAYA', 1),
	(1493, '14', '06', '19', 'SAN JUAN DE TANTARANCHE', 1),
	(1494, '14', '06', '20', 'SAN LORENZO DE QUINTI', 1),
	(1495, '14', '06', '21', 'SAN MATEO', 1),
	(1496, '14', '06', '22', 'SAN MATEO DE OTAO', 1),
	(1497, '14', '06', '23', 'SAN PEDRO DE HUANCAYRE', 1),
	(1498, '14', '06', '24', 'SANTA CRUZ DE COCACHACRA', 1),
	(1499, '14', '06', '25', 'SANTA EULALIA', 1),
	(1500, '14', '06', '26', 'SANTIAGO DE ANCHUCAYA', 1),
	(1501, '14', '06', '27', 'SANTIAGO DE TUNA', 1),
	(1502, '14', '06', '28', 'SANTO DOMINGO DE LOS OLLEROS', 1),
	(1503, '14', '06', '29', 'SURCO', 1),
	(1504, '14', '06', '30', 'HUACHUPAMPA', 1),
	(1505, '14', '06', '31', 'LARAOS', 1),
	(1506, '14', '06', '32', 'SAN JUAN DE IRIS', 1),
	(1507, '14', '07', '00', 'YAUYOS', 1),
	(1508, '14', '07', '01', 'YAUYOS', 1),
	(1509, '14', '07', '02', 'ALIS', 1),
	(1510, '14', '07', '03', 'ALLAUCA', 1),
	(1511, '14', '07', '04', 'AYAVIRI', 1),
	(1512, '14', '07', '05', 'AZANGARO', 1),
	(1513, '14', '07', '06', 'CACRA', 1),
	(1514, '14', '07', '07', 'CARANIA', 1),
	(1515, '14', '07', '08', 'COCHAS', 1),
	(1516, '14', '07', '09', 'COLONIA', 1),
	(1517, '14', '07', '10', 'CHOCOS', 1),
	(1518, '14', '07', '11', 'HUAMPARA', 1),
	(1519, '14', '07', '12', 'HUANCAYA', 1),
	(1520, '14', '07', '13', 'HUANGASCAR', 1),
	(1521, '14', '07', '14', 'HUANTAN', 1),
	(1522, '14', '07', '15', 'HUAÑEC', 1),
	(1523, '14', '07', '16', 'LARAOS', 1),
	(1524, '14', '07', '17', 'LINCHA', 1),
	(1525, '14', '07', '18', 'MIRAFLORES', 1),
	(1526, '14', '07', '19', 'OMAS', 1),
	(1527, '14', '07', '20', 'QUINCHES', 1),
	(1528, '14', '07', '21', 'QUINOCAY', 1),
	(1529, '14', '07', '22', 'SAN JOAQUIN', 1),
	(1530, '14', '07', '23', 'SAN PEDRO DE PILAS', 1),
	(1531, '14', '07', '24', 'TANTA', 1),
	(1532, '14', '07', '25', 'TAURIPAMPA', 1),
	(1533, '14', '07', '26', 'TUPE', 1),
	(1534, '14', '07', '27', 'TOMAS', 1),
	(1535, '14', '07', '28', 'VIÑAC', 1),
	(1536, '14', '07', '29', 'VITIS', 1),
	(1537, '14', '07', '30', 'HONGOS', 1),
	(1538, '14', '07', '31', 'MADEAN', 1),
	(1539, '14', '07', '32', 'PUTINZA', 1),
	(1540, '14', '07', '33', 'CATAHUASI', 1),
	(1541, '14', '08', '00', 'HUARAL', 1),
	(1542, '14', '08', '01', 'HUARAL', 1),
	(1543, '14', '08', '02', 'ATAVILLOS ALTO', 1),
	(1544, '14', '08', '03', 'ATAVILLOS BAJO', 1),
	(1545, '14', '08', '04', 'AUCALLAMA', 1),
	(1546, '14', '08', '05', 'CHANCAY', 1),
	(1547, '14', '08', '06', 'IHUARI', 1),
	(1548, '14', '08', '07', 'LAMPIAN', 1),
	(1549, '14', '08', '08', 'PACARAOS', 1),
	(1550, '14', '08', '09', 'SAN MIGUEL DE ACOS', 1),
	(1551, '14', '08', '10', 'VEINTISIETE DE NOVIEMBRE', 1),
	(1552, '14', '08', '11', 'SANTA CRUZ DE ANDAMARCA', 1),
	(1553, '14', '08', '12', 'SUMBILCA', 1),
	(1554, '14', '09', '00', 'BARRANCA', 1),
	(1555, '14', '09', '01', 'BARRANCA', 1),
	(1556, '14', '09', '02', 'PARAMONGA', 1),
	(1557, '14', '09', '03', 'PATIVILCA', 1),
	(1558, '14', '09', '04', 'SUPE', 1),
	(1559, '14', '09', '05', 'SUPE PUERTO', 1),
	(1560, '14', '10', '00', 'OYON', 1),
	(1561, '14', '10', '01', 'OYON', 1),
	(1562, '14', '10', '02', 'NAVAN', 1),
	(1563, '14', '10', '03', 'CAUJUL', 1),
	(1564, '14', '10', '04', 'ANDAJES', 1),
	(1565, '14', '10', '05', 'PACHANGARA', 1),
	(1566, '14', '10', '06', 'COCHAMARCA', 1),
	(1567, '15', '00', '00', 'LORETO', 1),
	(1568, '15', '01', '00', 'MAYNAS', 1),
	(1569, '15', '01', '01', 'IQUITOS', 1),
	(1570, '15', '01', '02', 'ALTO NANAY', 1),
	(1571, '15', '01', '03', 'FERNANDO LORES', 1),
	(1572, '15', '01', '04', 'LAS AMAZONAS', 1),
	(1573, '15', '01', '05', 'MAZAN', 1),
	(1574, '15', '01', '06', 'NAPO', 1),
	(1575, '15', '01', '07', 'PUTUMAYO', 1),
	(1576, '15', '01', '08', 'TORRES CAUSANA', 1),
	(1577, '15', '01', '10', 'INDIANA', 1),
	(1578, '15', '01', '11', 'PUNCHANA', 1),
	(1579, '15', '01', '12', 'BELEN', 1),
	(1580, '15', '01', '13', 'SAN JUAN BAUTISTA', 1),
	(1581, '15', '01', '14', 'TENIENTE MANUEL CLAVERO', 1),
	(1582, '15', '02', '00', 'ALTO AMAZONAS', 1),
	(1583, '15', '02', '01', 'YURIMAGUAS', 1),
	(1584, '15', '02', '02', 'BALSAPUERTO', 1),
	(1585, '15', '02', '05', 'JEBEROS', 1),
	(1586, '15', '02', '06', 'LAGUNAS', 1),
	(1587, '15', '02', '10', 'SANTA CRUZ', 1),
	(1588, '15', '02', '11', 'TENIENTE CESAR LOPEZ ROJAS', 1),
	(1589, '15', '03', '00', 'LORETO', 1),
	(1590, '15', '03', '01', 'NAUTA', 1),
	(1591, '15', '03', '02', 'PARINARI', 1),
	(1592, '15', '03', '03', 'TIGRE', 1),
	(1593, '15', '03', '04', 'URARINAS', 1),
	(1594, '15', '03', '05', 'TROMPETEROS', 1),
	(1595, '15', '04', '00', 'REQUENA', 1),
	(1596, '15', '04', '01', 'REQUENA', 1),
	(1597, '15', '04', '02', 'ALTO TAPICHE', 1),
	(1598, '15', '04', '03', 'CAPELO', 1),
	(1599, '15', '04', '04', 'EMILIO SAN MARTIN', 1),
	(1600, '15', '04', '05', 'MAQUIA', 1),
	(1601, '15', '04', '06', 'PUINAHUA', 1),
	(1602, '15', '04', '07', 'SAQUENA', 1),
	(1603, '15', '04', '08', 'SOPLIN', 1),
	(1604, '15', '04', '09', 'TAPICHE', 1),
	(1605, '15', '04', '10', 'JENARO HERRERA', 1),
	(1606, '15', '04', '11', 'YAQUERANA', 1),
	(1607, '15', '05', '00', 'UCAYALI', 1),
	(1608, '15', '05', '01', 'CONTAMANA', 1),
	(1609, '15', '05', '02', 'VARGAS GUERRA', 1),
	(1610, '15', '05', '03', 'PADRE MARQUEZ', 1),
	(1611, '15', '05', '04', 'PAMPA HERMOSA', 1),
	(1612, '15', '05', '05', 'SARAYACU', 1),
	(1613, '15', '05', '06', 'INAHUAYA', 1),
	(1614, '15', '06', '00', 'MARISCAL RAMON CASTILLA', 1),
	(1615, '15', '06', '01', 'RAMON CASTILLA', 1),
	(1616, '15', '06', '02', 'PEBAS', 1),
	(1617, '15', '06', '03', 'YAVARI', 1),
	(1618, '15', '06', '04', 'SAN PABLO', 1),
	(1619, '15', '07', '00', 'DATEM DEL MARAÑON', 1),
	(1620, '15', '07', '01', 'BARRANCA', 1),
	(1621, '15', '07', '02', 'ANDOAS', 1),
	(1622, '15', '07', '03', 'CAHUAPANAS', 1),
	(1623, '15', '07', '04', 'MANSERICHE', 1),
	(1624, '15', '07', '05', 'MORONA', 1),
	(1625, '15', '07', '06', 'PASTAZA', 1),
	(1626, '16', '00', '00', 'MADRE DE DIOS', 1),
	(1627, '16', '01', '00', 'TAMBOPATA', 1),
	(1628, '16', '01', '01', 'TAMBOPATA', 1),
	(1629, '16', '01', '02', 'INAMBARI', 1),
	(1630, '16', '01', '03', 'LAS PIEDRAS', 1),
	(1631, '16', '01', '04', 'LABERINTO', 1),
	(1632, '16', '02', '00', 'MANU', 1),
	(1633, '16', '02', '01', 'MANU', 1),
	(1634, '16', '02', '02', 'FITZCARRALD', 1),
	(1635, '16', '02', '03', 'MADRE DE DIOS', 1),
	(1636, '16', '02', '04', 'HUEPETUHE', 1),
	(1637, '16', '03', '00', 'TAHUAMANU', 1),
	(1638, '16', '03', '01', 'IÑAPARI', 1),
	(1639, '16', '03', '02', 'IBERIA', 1),
	(1640, '16', '03', '03', 'TAHUAMANU', 1),
	(1641, '17', '00', '00', 'MOQUEGUA', 1),
	(1642, '17', '01', '00', 'MARISCAL NIETO', 1),
	(1643, '17', '01', '01', 'MOQUEGUA', 1),
	(1644, '17', '01', '02', 'CARUMAS', 1),
	(1645, '17', '01', '03', 'CUCHUMBAYA', 1),
	(1646, '17', '01', '04', 'SAN CRISTOBAL', 1),
	(1647, '17', '01', '05', 'TORATA', 1),
	(1648, '17', '01', '06', 'SAMEGUA', 1),
	(1649, '17', '02', '00', 'GENERAL SANCHEZ CERRO', 1),
	(1650, '17', '02', '01', 'OMATE', 1),
	(1651, '17', '02', '02', 'COALAQUE', 1),
	(1652, '17', '02', '03', 'CHOJATA', 1),
	(1653, '17', '02', '04', 'ICHUÑA', 1),
	(1654, '17', '02', '05', 'LA CAPILLA', 1),
	(1655, '17', '02', '06', 'LLOQUE', 1),
	(1656, '17', '02', '07', 'MATALAQUE', 1),
	(1657, '17', '02', '08', 'PUQUINA', 1),
	(1658, '17', '02', '09', 'QUINISTAQUILLAS', 1),
	(1659, '17', '02', '10', 'UBINAS', 1),
	(1660, '17', '02', '11', 'YUNGA', 1),
	(1661, '17', '03', '00', 'ILO', 1),
	(1662, '17', '03', '01', 'ILO', 1),
	(1663, '17', '03', '02', 'EL ALGARROBAL', 1),
	(1664, '17', '03', '03', 'PACOCHA', 1),
	(1665, '18', '00', '00', 'PASCO', 1),
	(1666, '18', '01', '00', 'PASCO', 1),
	(1667, '18', '01', '01', 'CHAUPIMARCA', 1),
	(1668, '18', '01', '03', 'HUACHON', 1),
	(1669, '18', '01', '04', 'HUARIACA', 1),
	(1670, '18', '01', '05', 'HUAYLLAY', 1),
	(1671, '18', '01', '06', 'NINACACA', 1),
	(1672, '18', '01', '07', 'PALLANCHACRA', 1),
	(1673, '18', '01', '08', 'PAUCARTAMBO', 1),
	(1674, '18', '01', '09', 'SAN FCO DE ASIS DE YARUSYACAN', 1),
	(1675, '18', '01', '10', 'SIMON BOLIVAR', 1),
	(1676, '18', '01', '11', 'TICLACAYAN', 1),
	(1677, '18', '01', '12', 'TINYAHUARCO', 1),
	(1678, '18', '01', '13', 'VICCO', 1),
	(1679, '18', '01', '14', 'YANACANCHA', 1),
	(1680, '18', '02', '00', 'DANIEL ALCIDES CARRION', 1),
	(1681, '18', '02', '01', 'YANAHUANCA', 1),
	(1682, '18', '02', '02', 'CHACAYAN', 1),
	(1683, '18', '02', '03', 'GOYLLARISQUIZGA', 1),
	(1684, '18', '02', '04', 'PAUCAR', 1),
	(1685, '18', '02', '05', 'SAN PEDRO DE PILLAO', 1),
	(1686, '18', '02', '06', 'SANTA ANA DE TUSI', 1),
	(1687, '18', '02', '07', 'TAPUC', 1),
	(1688, '18', '02', '08', 'VILCABAMBA', 1),
	(1689, '18', '03', '00', 'OXAPAMPA', 1),
	(1690, '18', '03', '01', 'OXAPAMPA', 1),
	(1691, '18', '03', '02', 'CHONTABAMBA', 1),
	(1692, '18', '03', '03', 'HUANCABAMBA', 1),
	(1693, '18', '03', '04', 'PUERTO BERMUDEZ', 1),
	(1694, '18', '03', '05', 'VILLA RICA', 1),
	(1695, '18', '03', '06', 'POZUZO', 1),
	(1696, '18', '03', '07', 'PALCAZU', 1),
	(1697, '18', '03', '08', 'CONSTITUCION', 1),
	(1698, '19', '00', '00', 'PIURA', 1),
	(1699, '19', '01', '00', 'PIURA', 1),
	(1700, '19', '01', '01', 'PIURA', 1),
	(1701, '19', '01', '03', 'CASTILLA', 1),
	(1702, '19', '01', '04', 'CATACAOS', 1),
	(1703, '19', '01', '05', 'LA ARENA', 1),
	(1704, '19', '01', '06', 'LA UNION', 1),
	(1705, '19', '01', '07', 'LAS LOMAS', 1),
	(1706, '19', '01', '09', 'TAMBO GRANDE', 1),
	(1707, '19', '01', '13', 'CURA MORI', 1),
	(1708, '19', '01', '14', 'EL TALLAN', 1),
	(1709, '19', '01', '15', 'VEINTISEIS DE OCTUBRE', 1),
	(1710, '19', '02', '00', 'AYABACA', 1),
	(1711, '19', '02', '01', 'AYABACA', 1),
	(1712, '19', '02', '02', 'FRIAS', 1),
	(1713, '19', '02', '03', 'LAGUNAS', 1),
	(1714, '19', '02', '04', 'MONTERO', 1),
	(1715, '19', '02', '05', 'PACAIPAMPA', 1),
	(1716, '19', '02', '06', 'SAPILLICA', 1),
	(1717, '19', '02', '07', 'SICCHEZ', 1),
	(1718, '19', '02', '08', 'SUYO', 1),
	(1719, '19', '02', '09', 'JILILI', 1),
	(1720, '19', '02', '10', 'PAIMAS', 1),
	(1721, '19', '03', '00', 'HUANCABAMBA', 1),
	(1722, '19', '03', '01', 'HUANCABAMBA', 1),
	(1723, '19', '03', '02', 'CANCHAQUE', 1),
	(1724, '19', '03', '03', 'HUARMACA', 1),
	(1725, '19', '03', '04', 'SONDOR', 1),
	(1726, '19', '03', '05', 'SONDORILLO', 1),
	(1727, '19', '03', '06', 'EL CARMEN DE LA FRONTERA', 1),
	(1728, '19', '03', '07', 'SAN MIGUEL DE EL FAIQUE', 1),
	(1729, '19', '03', '08', 'LALAQUIZ', 1),
	(1730, '19', '04', '00', 'MORROPON', 1),
	(1731, '19', '04', '01', 'CHULUCANAS', 1),
	(1732, '19', '04', '02', 'BUENOS AIRES', 1),
	(1733, '19', '04', '03', 'CHALACO', 1),
	(1734, '19', '04', '04', 'MORROPON', 1),
	(1735, '19', '04', '05', 'SALITRAL', 1),
	(1736, '19', '04', '06', 'SANTA CATALINA DE MOSSA', 1),
	(1737, '19', '04', '07', 'SANTO DOMINGO', 1),
	(1738, '19', '04', '08', 'LA MATANZA', 1),
	(1739, '19', '04', '09', 'YAMANGO', 1),
	(1740, '19', '04', '10', 'SAN JUAN DE BIGOTE', 1),
	(1741, '19', '05', '00', 'PAITA', 1),
	(1742, '19', '05', '01', 'PAITA', 1),
	(1743, '19', '05', '02', 'AMOTAPE', 1),
	(1744, '19', '05', '03', 'ARENAL', 1),
	(1745, '19', '05', '04', 'LA HUACA', 1),
	(1746, '19', '05', '05', 'COLAN', 1),
	(1747, '19', '05', '06', 'TAMARINDO', 1),
	(1748, '19', '05', '07', 'VICHAYAL', 1),
	(1749, '19', '06', '00', 'SULLANA', 1),
	(1750, '19', '06', '01', 'SULLANA', 1),
	(1751, '19', '06', '02', 'BELLAVISTA', 1),
	(1752, '19', '06', '03', 'LANCONES', 1),
	(1753, '19', '06', '04', 'MARCAVELICA', 1),
	(1754, '19', '06', '05', 'MIGUEL CHECA', 1),
	(1755, '19', '06', '06', 'QUERECOTILLO', 1),
	(1756, '19', '06', '07', 'SALITRAL', 1),
	(1757, '19', '06', '08', 'IGNACIO ESCUDERO', 1),
	(1758, '19', '07', '00', 'TALARA', 1),
	(1759, '19', '07', '01', 'PARIÑAS', 1),
	(1760, '19', '07', '02', 'EL ALTO', 1),
	(1761, '19', '07', '03', 'LA BREA', 1),
	(1762, '19', '07', '04', 'LOBITOS', 1),
	(1763, '19', '07', '05', 'MANCORA', 1),
	(1764, '19', '07', '06', 'LOS ORGANOS', 1),
	(1765, '19', '08', '00', 'SECHURA', 1),
	(1766, '19', '08', '01', 'SECHURA', 1),
	(1767, '19', '08', '02', 'VICE', 1),
	(1768, '19', '08', '03', 'BERNAL', 1),
	(1769, '19', '08', '04', 'BELLAVISTA DE LA UNION', 1),
	(1770, '19', '08', '05', 'CRISTO NOS VALGA', 1),
	(1771, '19', '08', '06', 'RINCONADA-LLICUAR', 1),
	(1772, '20', '00', '00', 'PUNO', 1),
	(1773, '20', '01', '00', 'PUNO', 1),
	(1774, '20', '01', '01', 'PUNO', 1),
	(1775, '20', '01', '02', 'ACORA', 1),
	(1776, '20', '01', '03', 'ATUNCOLLA', 1),
	(1777, '20', '01', '04', 'CAPACHICA', 1),
	(1778, '20', '01', '05', 'COATA', 1),
	(1779, '20', '01', '06', 'CHUCUITO', 1),
	(1780, '20', '01', '07', 'HUATA', 1),
	(1781, '20', '01', '08', 'MAÑAZO', 1),
	(1782, '20', '01', '09', 'PAUCARCOLLA', 1),
	(1783, '20', '01', '10', 'PICHACANI', 1),
	(1784, '20', '01', '11', 'SAN ANTONIO', 1),
	(1785, '20', '01', '12', 'TIQUILLACA', 1),
	(1786, '20', '01', '13', 'VILQUE', 1),
	(1787, '20', '01', '14', 'PLATERIA', 1),
	(1788, '20', '01', '15', 'AMANTANI', 1),
	(1789, '20', '02', '00', 'AZANGARO', 1),
	(1790, '20', '02', '01', 'AZANGARO', 1),
	(1791, '20', '02', '02', 'ACHAYA', 1),
	(1792, '20', '02', '03', 'ARAPA', 1),
	(1793, '20', '02', '04', 'ASILLO', 1),
	(1794, '20', '02', '05', 'CAMINACA', 1),
	(1795, '20', '02', '06', 'CHUPA', 1),
	(1796, '20', '02', '07', 'JOSE DOMINGO CHOQUEHUANCA', 1),
	(1797, '20', '02', '08', 'MUÑANI', 1),
	(1798, '20', '02', '10', 'POTONI', 1),
	(1799, '20', '02', '12', 'SAMAN', 1),
	(1800, '20', '02', '13', 'SAN ANTON', 1),
	(1801, '20', '02', '14', 'SAN JOSE', 1),
	(1802, '20', '02', '15', 'SAN JUAN DE SALINAS', 1),
	(1803, '20', '02', '16', 'SANTIAGO DE PUPUJA', 1),
	(1804, '20', '02', '17', 'TIRAPATA', 1),
	(1805, '20', '03', '00', 'CARABAYA', 1),
	(1806, '20', '03', '01', 'MACUSANI', 1),
	(1807, '20', '03', '02', 'AJOYANI', 1),
	(1808, '20', '03', '03', 'AYAPATA', 1),
	(1809, '20', '03', '04', 'COASA', 1),
	(1810, '20', '03', '05', 'CORANI', 1),
	(1811, '20', '03', '06', 'CRUCERO', 1),
	(1812, '20', '03', '07', 'ITUATA', 1),
	(1813, '20', '03', '08', 'OLLACHEA', 1),
	(1814, '20', '03', '09', 'SAN GABAN', 1),
	(1815, '20', '03', '10', 'USICAYOS', 1),
	(1816, '20', '04', '00', 'CHUCUITO', 1),
	(1817, '20', '04', '01', 'JULI', 1),
	(1818, '20', '04', '02', 'DESAGUADERO', 1),
	(1819, '20', '04', '03', 'HUACULLANI', 1),
	(1820, '20', '04', '06', 'PISACOMA', 1),
	(1821, '20', '04', '07', 'POMATA', 1),
	(1822, '20', '04', '10', 'ZEPITA', 1),
	(1823, '20', '04', '12', 'KELLUYO', 1),
	(1824, '20', '05', '00', 'HUANCANE', 1),
	(1825, '20', '05', '01', 'HUANCANE', 1),
	(1826, '20', '05', '02', 'COJATA', 1),
	(1827, '20', '05', '04', 'INCHUPALLA', 1),
	(1828, '20', '05', '06', 'PUSI', 1),
	(1829, '20', '05', '07', 'ROSASPATA', 1),
	(1830, '20', '05', '08', 'TARACO', 1),
	(1831, '20', '05', '09', 'VILQUE CHICO', 1),
	(1832, '20', '05', '11', 'HUATASANI', 1),
	(1833, '20', '06', '00', 'LAMPA', 1),
	(1834, '20', '06', '01', 'LAMPA', 1),
	(1835, '20', '06', '02', 'CABANILLA', 1),
	(1836, '20', '06', '03', 'CALAPUJA', 1),
	(1837, '20', '06', '04', 'NICASIO', 1),
	(1838, '20', '06', '05', 'OCUVIRI', 1),
	(1839, '20', '06', '06', 'PALCA', 1),
	(1840, '20', '06', '07', 'PARATIA', 1),
	(1841, '20', '06', '08', 'PUCARA', 1),
	(1842, '20', '06', '09', 'SANTA LUCIA', 1),
	(1843, '20', '06', '10', 'VILAVILA', 1),
	(1844, '20', '07', '00', 'MELGAR', 1),
	(1845, '20', '07', '01', 'AYAVIRI', 1),
	(1846, '20', '07', '02', 'ANTAUTA', 1),
	(1847, '20', '07', '03', 'CUPI', 1),
	(1848, '20', '07', '04', 'LLALLI', 1),
	(1849, '20', '07', '05', 'MACARI', 1),
	(1850, '20', '07', '06', 'NUÑOA', 1),
	(1851, '20', '07', '07', 'ORURILLO', 1),
	(1852, '20', '07', '08', 'SANTA ROSA', 1),
	(1853, '20', '07', '09', 'UMACHIRI', 1),
	(1854, '20', '08', '00', 'SANDIA', 1),
	(1855, '20', '08', '01', 'SANDIA', 1),
	(1856, '20', '08', '03', 'CUYOCUYO', 1),
	(1857, '20', '08', '04', 'LIMBANI', 1),
	(1858, '20', '08', '05', 'PHARA', 1),
	(1859, '20', '08', '06', 'PATAMBUCO', 1),
	(1860, '20', '08', '07', 'QUIACA', 1),
	(1861, '20', '08', '08', 'SAN JUAN DEL ORO', 1),
	(1862, '20', '08', '10', 'YANAHUAYA', 1),
	(1863, '20', '08', '11', 'ALTO INAMBARI', 1),
	(1864, '20', '08', '12', 'SAN PEDRO DE PUTINA PUNCO', 1),
	(1865, '20', '09', '00', 'SAN ROMAN', 1),
	(1866, '20', '09', '01', 'JULIACA', 1),
	(1867, '20', '09', '02', 'CABANA', 1),
	(1868, '20', '09', '03', 'CABANILLAS', 1),
	(1869, '20', '09', '04', 'CARACOTO', 1),
	(1870, '20', '10', '00', 'YUNGUYO', 1),
	(1871, '20', '10', '01', 'YUNGUYO', 1),
	(1872, '20', '10', '02', 'UNICACHI', 1),
	(1873, '20', '10', '03', 'ANAPIA', 1),
	(1874, '20', '10', '04', 'COPANI', 1),
	(1875, '20', '10', '05', 'CUTURAPI', 1),
	(1876, '20', '10', '06', 'OLLARAYA', 1),
	(1877, '20', '10', '07', 'TINICACHI', 1),
	(1878, '20', '11', '00', 'SAN ANTONIO DE PUTINA', 1),
	(1879, '20', '11', '01', 'PUTINA', 1),
	(1880, '20', '11', '02', 'PEDRO VILCA APAZA', 1),
	(1881, '20', '11', '03', 'QUILCAPUNCU', 1),
	(1882, '20', '11', '04', 'ANANEA', 1),
	(1883, '20', '11', '05', 'SINA', 1),
	(1884, '20', '12', '00', 'EL COLLAO', 1),
	(1885, '20', '12', '01', 'ILAVE', 1),
	(1886, '20', '12', '02', 'PILCUYO', 1),
	(1887, '20', '12', '03', 'SANTA ROSA', 1),
	(1888, '20', '12', '04', 'CAPASO', 1),
	(1889, '20', '12', '05', 'CONDURIRI', 1),
	(1890, '20', '13', '00', 'MOHO', 1),
	(1891, '20', '13', '01', 'MOHO', 1),
	(1892, '20', '13', '02', 'CONIMA', 1),
	(1893, '20', '13', '03', 'TILALI', 1),
	(1894, '20', '13', '04', 'HUAYRAPATA', 1),
	(1895, '21', '00', '00', 'SAN MARTIN', 1),
	(1896, '21', '01', '00', 'MOYOBAMBA', 1),
	(1897, '21', '01', '01', 'MOYOBAMBA', 1),
	(1898, '21', '01', '02', 'CALZADA', 1),
	(1899, '21', '01', '03', 'HABANA', 1),
	(1900, '21', '01', '04', 'JEPELACIO', 1),
	(1901, '21', '01', '05', 'SORITOR', 1),
	(1902, '21', '01', '06', 'YANTALO', 1),
	(1903, '21', '02', '00', 'HUALLAGA', 1),
	(1904, '21', '02', '01', 'SAPOSOA', 1),
	(1905, '21', '02', '02', 'PISCOYACU', 1),
	(1906, '21', '02', '03', 'SACANCHE', 1),
	(1907, '21', '02', '04', 'TINGO DE SAPOSOA', 1),
	(1908, '21', '02', '05', 'ALTO SAPOSOA', 1),
	(1909, '21', '02', '06', 'EL ESLABON', 1),
	(1910, '21', '03', '00', 'LAMAS', 1),
	(1911, '21', '03', '01', 'LAMAS', 1),
	(1912, '21', '03', '03', 'BARRANQUITA', 1),
	(1913, '21', '03', '04', 'CAYNARACHI', 1),
	(1914, '21', '03', '05', 'CUÑUMBUQUI', 1),
	(1915, '21', '03', '06', 'PINTO RECODO', 1),
	(1916, '21', '03', '07', 'RUMISAPA', 1),
	(1917, '21', '03', '11', 'SHANAO', 1),
	(1918, '21', '03', '13', 'TABALOSOS', 1),
	(1919, '21', '03', '14', 'ZAPATERO', 1),
	(1920, '21', '03', '15', 'ALONSO DE ALVARADO', 1),
	(1921, '21', '03', '16', 'SAN ROQUE DE CUMBAZA', 1),
	(1922, '21', '04', '00', 'MARISCAL CACERES', 1),
	(1923, '21', '04', '01', 'JUANJUI', 1),
	(1924, '21', '04', '02', 'CAMPANILLA', 1),
	(1925, '21', '04', '03', 'HUICUNGO', 1),
	(1926, '21', '04', '04', 'PACHIZA', 1),
	(1927, '21', '04', '05', 'PAJARILLO', 1),
	(1928, '21', '05', '00', 'RIOJA', 1),
	(1929, '21', '05', '01', 'RIOJA', 1),
	(1930, '21', '05', '02', 'POSIC', 1),
	(1931, '21', '05', '03', 'YORONGOS', 1),
	(1932, '21', '05', '04', 'YURACYACU', 1),
	(1933, '21', '05', '05', 'NUEVA CAJAMARCA', 1),
	(1934, '21', '05', '06', 'ELIAS SOPLIN VARGAS', 1),
	(1935, '21', '05', '07', 'SAN FERNANDO', 1),
	(1936, '21', '05', '08', 'PARDO MIGUEL', 1),
	(1937, '21', '05', '09', 'AWAJUN', 1),
	(1938, '21', '06', '00', 'SAN MARTIN', 1),
	(1939, '21', '06', '01', 'TARAPOTO', 1),
	(1940, '21', '06', '02', 'ALBERTO LEVEAU', 1),
	(1941, '21', '06', '04', 'CACATACHI', 1),
	(1942, '21', '06', '06', 'CHAZUTA', 1),
	(1943, '21', '06', '07', 'CHIPURANA', 1),
	(1944, '21', '06', '08', 'EL PORVENIR', 1),
	(1945, '21', '06', '09', 'HUIMBAYOC', 1),
	(1946, '21', '06', '10', 'JUAN GUERRA', 1),
	(1947, '21', '06', '11', 'MORALES', 1),
	(1948, '21', '06', '12', 'PAPAPLAYA', 1),
	(1949, '21', '06', '16', 'SAN ANTONIO', 1),
	(1950, '21', '06', '19', 'SAUCE', 1),
	(1951, '21', '06', '20', 'SHAPAJA', 1),
	(1952, '21', '06', '21', 'LA BANDA DE SHILCAYO', 1),
	(1953, '21', '07', '00', 'BELLAVISTA', 1),
	(1954, '21', '07', '01', 'BELLAVISTA', 1),
	(1955, '21', '07', '02', 'SAN RAFAEL', 1),
	(1956, '21', '07', '03', 'SAN PABLO', 1),
	(1957, '21', '07', '04', 'ALTO BIAVO', 1),
	(1958, '21', '07', '05', 'HUALLAGA', 1),
	(1959, '21', '07', '06', 'BAJO BIAVO', 1),
	(1960, '21', '08', '00', 'TOCACHE', 1),
	(1961, '21', '08', '01', 'TOCACHE', 1),
	(1962, '21', '08', '02', 'NUEVO PROGRESO', 1),
	(1963, '21', '08', '03', 'POLVORA', 1),
	(1964, '21', '08', '04', 'SHUNTE', 1),
	(1965, '21', '08', '05', 'UCHIZA', 1),
	(1966, '21', '09', '00', 'PICOTA', 1),
	(1967, '21', '09', '01', 'PICOTA', 1),
	(1968, '21', '09', '02', 'BUENOS AIRES', 1),
	(1969, '21', '09', '03', 'CASPIZAPA', 1),
	(1970, '21', '09', '04', 'PILLUANA', 1),
	(1971, '21', '09', '05', 'PUCACACA', 1),
	(1972, '21', '09', '06', 'SAN CRISTOBAL', 1),
	(1973, '21', '09', '07', 'SAN HILARION', 1),
	(1974, '21', '09', '08', 'TINGO DE PONASA', 1),
	(1975, '21', '09', '09', 'TRES UNIDOS', 1),
	(1976, '21', '09', '10', 'SHAMBOYACU', 1),
	(1977, '21', '10', '00', 'EL DORADO', 1),
	(1978, '21', '10', '01', 'SAN JOSE DE SISA', 1),
	(1979, '21', '10', '02', 'AGUA BLANCA', 1),
	(1980, '21', '10', '03', 'SHATOJA', 1),
	(1981, '21', '10', '04', 'SAN MARTIN', 1),
	(1982, '21', '10', '05', 'SANTA ROSA', 1),
	(1983, '22', '00', '00', 'TACNA', 1),
	(1984, '22', '01', '00', 'TACNA', 1),
	(1985, '22', '01', '01', 'TACNA', 1),
	(1986, '22', '01', '02', 'CALANA', 1),
	(1987, '22', '01', '04', 'INCLAN', 1),
	(1988, '22', '01', '07', 'PACHIA', 1),
	(1989, '22', '01', '08', 'PALCA', 1),
	(1990, '22', '01', '09', 'POCOLLAY', 1),
	(1991, '22', '01', '10', 'SAMA', 1),
	(1992, '22', '01', '11', 'ALTO DE LA ALIANZA', 1),
	(1993, '22', '01', '12', 'CIUDAD NUEVA', 1),
	(1994, '22', '01', '13', 'CORONEL GREGORIO ALBARRACIN L.', 1),
	(1995, '22', '02', '00', 'TARATA', 1),
	(1996, '22', '02', '01', 'TARATA', 1),
	(1997, '22', '02', '05', 'HEROES ALBARRACIN', 1),
	(1998, '22', '02', '06', 'ESTIQUE', 1),
	(1999, '22', '02', '07', 'ESTIQUE PAMPA', 1),
	(2000, '22', '02', '10', 'SITAJARA', 1),
	(2001, '22', '02', '11', 'SUSAPAYA', 1),
	(2002, '22', '02', '12', 'TARUCACHI', 1),
	(2003, '22', '02', '13', 'TICACO', 1),
	(2004, '22', '03', '00', 'JORGE BASADRE', 1),
	(2005, '22', '03', '01', 'LOCUMBA', 1),
	(2006, '22', '03', '02', 'ITE', 1),
	(2007, '22', '03', '03', 'ILABAYA', 1),
	(2008, '22', '04', '00', 'CANDARAVE', 1),
	(2009, '22', '04', '01', 'CANDARAVE', 1),
	(2010, '22', '04', '02', 'CAIRANI', 1),
	(2011, '22', '04', '03', 'CURIBAYA', 1),
	(2012, '22', '04', '04', 'HUANUARA', 1),
	(2013, '22', '04', '05', 'QUILAHUANI', 1),
	(2014, '22', '04', '06', 'CAMILACA', 1),
	(2015, '23', '00', '00', 'TUMBES', 1),
	(2016, '23', '01', '00', 'TUMBES', 1),
	(2017, '23', '01', '01', 'TUMBES', 1),
	(2018, '23', '01', '02', 'CORRALES', 1),
	(2019, '23', '01', '03', 'LA CRUZ', 1),
	(2020, '23', '01', '04', 'PAMPAS DE HOSPITAL', 1),
	(2021, '23', '01', '05', 'SAN JACINTO', 1),
	(2022, '23', '01', '06', 'SAN JUAN DE LA VIRGEN', 1),
	(2023, '23', '02', '00', 'CONTRALMIRANTE VILLAR', 1),
	(2024, '23', '02', '01', 'ZORRITOS', 1),
	(2025, '23', '02', '02', 'CASITAS', 1),
	(2026, '23', '02', '03', 'CANOAS DE PUNTA SAL', 1),
	(2027, '23', '03', '00', 'ZARUMILLA', 1),
	(2028, '23', '03', '01', 'ZARUMILLA', 1),
	(2029, '23', '03', '02', 'MATAPALO', 1),
	(2030, '23', '03', '03', 'PAPAYAL', 1),
	(2031, '23', '03', '04', 'AGUAS VERDES', 1),
	(2032, '24', '00', '00', 'CALLAO', 1),
	(2033, '24', '01', '00', 'CALLAO', 1),
	(2034, '24', '01', '01', 'CALLAO', 1),
	(2035, '24', '01', '02', 'BELLAVISTA', 1),
	(2036, '24', '01', '03', 'LA PUNTA', 1),
	(2037, '24', '01', '04', 'CARMEN DE LA LEGUA-REYNOSO', 1),
	(2038, '24', '01', '05', 'LA PERLA', 1),
	(2039, '24', '01', '06', 'VENTANILLA', 1),
	(2040, '25', '00', '00', 'UCAYALI', 1),
	(2041, '25', '01', '00', 'CORONEL PORTILLO', 1),
	(2042, '25', '01', '01', 'CALLERIA', 1),
	(2043, '25', '01', '02', 'YARINACOCHA', 1),
	(2044, '25', '01', '03', 'MASISEA', 1),
	(2045, '25', '01', '04', 'CAMPOVERDE', 1),
	(2046, '25', '01', '05', 'IPARIA', 1),
	(2047, '25', '01', '06', 'NUEVA REQUENA', 1),
	(2048, '25', '01', '07', 'MANANTAY', 1),
	(2049, '25', '02', '00', 'PADRE ABAD', 1),
	(2050, '25', '02', '01', 'PADRE ABAD', 1),
	(2051, '25', '02', '02', 'IRAZOLA', 1),
	(2052, '25', '02', '03', 'CURIMANA', 1),
	(2053, '25', '03', '00', 'ATALAYA', 1),
	(2054, '25', '03', '01', 'RAIMONDI', 1),
	(2055, '25', '03', '02', 'TAHUANIA', 1),
	(2056, '25', '03', '03', 'YURUA', 1),
	(2057, '25', '03', '04', 'SEPAHUA', 1),
	(2058, '25', '04', '00', 'PURUS', 1),
	(2059, '25', '04', '01', 'PURUS', 1);
/*!40000 ALTER TABLE `ubigeo` ENABLE KEYS */;

-- Volcando estructura para tabla bd_s3k_tombolacuy_local.users
CREATE TABLE IF NOT EXISTS `users` (
  `idUsuario` int(11) NOT NULL AUTO_INCREMENT,
  `usuario` varchar(191) COLLATE utf8mb4_unicode_ci DEFAULT NULL,
  `perfil_id` int(11) DEFAULT NULL,
  `password` varchar(191) COLLATE utf8mb4_unicode_ci DEFAULT NULL,
  `remember_token` varchar(100) COLLATE utf8mb4_unicode_ci DEFAULT NULL,
  `fecha_registro` datetime DEFAULT NULL,
  PRIMARY KEY (`idUsuario`),
  UNIQUE KEY `users_email_unique` (`usuario`)
) ENGINE=InnoDB AUTO_INCREMENT=4 DEFAULT CHARSET=utf8mb4 COLLATE=utf8mb4_unicode_ci;

-- Volcando datos para la tabla bd_s3k_tombolacuy_local.users: ~3 rows (aproximadamente)
/*!40000 ALTER TABLE `users` DISABLE KEYS */;
INSERT INTO `users` (`idUsuario`, `usuario`, `perfil_id`, `password`, `remember_token`, `fecha_registro`) VALUES
	(1, 'test.cajero1', 1, '$2y$10$8hjo9mowaz5nauKbMhhSFeaIaHIR6wCEcwr2ioi6chy183PB45ngC', 'CTLXuAi0YXVUkUymHDXBiUu8A750C8riXR357OepRgfjX2KsxDwVxEX3ljom', '2019-03-20 17:50:59'),
	(2, 'test.cajero2', 0, '$2y$10$8hjo9mowaz5nauKbMhhSFeaIaHIR6wCEcwr2ioi6chy183PB45ngC', 'xl41O2tanmbllAzFXr7t1xj72zIVREThDbRnJ8ISWFnmgUxRv3ENrpsC1xXg', '2019-03-20 17:50:59'),
	(3, 'test.cajero3', 0, '$2y$10$8hjo9mowaz5nauKbMhhSFeaIaHIR6wCEcwr2ioi6chy183PB45ngC', '8iDHqwTffnO7efIEdijyd1HysUFKySwDGbmf8VW1n1wkw3Zmi3xtrUHICCF9', '2019-03-20 17:51:00');
/*!40000 ALTER TABLE `users` ENABLE KEYS */;

-- Volcando estructura para tabla bd_s3k_tombolacuy_local.usuario_punto_venta
CREATE TABLE IF NOT EXISTS `usuario_punto_venta` (
  `idUsuarioPuntoVenta` int(11) NOT NULL AUTO_INCREMENT,
  `idUsuario` int(11) NOT NULL,
  `idPuntoVenta` int(11) unsigned NOT NULL,
  `estado` int(11) DEFAULT NULL,
  PRIMARY KEY (`idUsuarioPuntoVenta`),
  KEY `FK_usuario_punto_venta_users` (`idUsuario`),
  KEY `FK_usuario_punto_venta_punto_venta` (`idPuntoVenta`)
) ENGINE=InnoDB AUTO_INCREMENT=14 DEFAULT CHARSET=latin1;

-- Volcando datos para la tabla bd_s3k_tombolacuy_local.usuario_punto_venta: ~12 rows (aproximadamente)
/*!40000 ALTER TABLE `usuario_punto_venta` DISABLE KEYS */;
INSERT INTO `usuario_punto_venta` (`idUsuarioPuntoVenta`, `idUsuario`, `idPuntoVenta`, `estado`) VALUES
	(1, 1, 1, 1),
	(2, 1, 2, 1),
	(3, 1, 3, 1),
	(4, 1, 4, 1),
	(5, 1, 5, 1),
	(6, 1, 7, 1),
	(7, 1, 6, 1),
	(8, 1, 8, 1),
	(9, 1, 10, 1),
	(10, 1, 9, 1),
	(12, 1, 11, 0),
	(13, 1, 12, 0);
/*!40000 ALTER TABLE `usuario_punto_venta` ENABLE KEYS */;

/*!40101 SET SQL_MODE=IFNULL(@OLD_SQL_MODE, '') */;
/*!40014 SET FOREIGN_KEY_CHECKS=IF(@OLD_FOREIGN_KEY_CHECKS IS NULL, 1, @OLD_FOREIGN_KEY_CHECKS) */;
/*!40101 SET CHARACTER_SET_CLIENT=@OLD_CHARACTER_SET_CLIENT */;
